Name,Position,Country,Age,Club,Current_Value,Previous_Value,Club_Appearances,Assists,Minutes_played_club,Mins_per_goal,Goals_per_game,Goals,Clean Sheets,URL,F_Rating,F_Pace,F_Shooting,F_Passing,F_Drib,F_Def,F_Phy,F_WRate
Jairo Samperio,Left Wing,Spain,24,UD Las Palmas,"2,00 Mill. ","3,00 Mill. ",17,1,941,471,0.11,2,,http://www.futhead.com/18/players/?name=Jairo Samperio&sort=vote_sum&bin_platform=ps,76,86,68,71,78,32,56,Medium / Medium
Lionel Messi,Right Wing,Argentina,30,FC Barcelona,"180,00 Mill. ","120,00 Mill. ",34,12,2832,77,1.09,37,,http://www.futhead.com/18/players/?name=Lionel Messi&sort=vote_sum&bin_platform=ps,93,89,90,86,95,26,61,Medium / Medium
Antoine Griezmann,Centre-Forward,France,26,Atlético Madrid,"100,00 Mill. ","80,00 Mill. ",36,8,3067,192,0.44,16,,http://www.futhead.com/18/players/?name=Antoine Griezmann&sort=vote_sum&bin_platform=ps,88,86,85,78,87,30,68,High / Medium
Sergio Busquets,Defensive Midfield,Spain,29,FC Barcelona,"80,00 Mill. ","60,00 Mill. ",33,3,2693,,0,0,,http://www.futhead.com/18/players/?name=Sergio Busquets&sort=vote_sum&bin_platform=ps,86,40,59,79,74,82,81,Medium / Medium
Ousmane Dembélé,Left Wing,France,20,FC Barcelona,"80,00 Mill. ","33,00 Mill. ",32,13,2040,340,0.18,6,,http://www.futhead.com/18/players/?name=Ousmane Dembélé&sort=vote_sum&bin_platform=ps,83,91,76,75,88,32,56,High / Low
Isco,Attacking Midfield,Spain,25,Real Madrid,"75,00 Mill. ","40,00 Mill. ",30,9,1637,164,0.33,10,,http://www.futhead.com/18/players/?name=Isco&sort=vote_sum&bin_platform=ps,86,71,83,82,89,54,62,High / Medium
Koke,Central Midfield,Spain,25,Atlético Madrid,"70,00 Mill. ","60,00 Mill. ",36,8,3172,793,0.11,4,,http://www.futhead.com/18/players/?name=Koke&sort=vote_sum&bin_platform=ps,84,70,75,86,81,63,75,High / High
Jan Oblak,Keeper,Slovenia,24,Atlético Madrid,"50,00 Mill. ","40,00 Mill. ",30,0,2651,,0,0,15,http://www.futhead.com/18/players/?name=Jan Oblak&sort=vote_sum&bin_platform=ps,88,84,90,77,84,43,87,No
Ivan Rakitic,Central Midfield,Croatia,29,FC Barcelona,"45,00 Mill. ","45,00 Mill. ",32,6,2344,335,0.22,7,,http://www.futhead.com/18/players/?name=Ivan Rakitic&sort=vote_sum&bin_platform=ps,87,65,84,86,82,60,66,Medium / Medium
Yannick Carrasco,Left Wing,Belgium,24,Atlético Madrid,"40,00 Mill. ","40,00 Mill. ",35,4,2269,227,0.29,10,,http://www.futhead.com/18/players/?name=Yannick Carrasco&sort=vote_sum&bin_platform=ps,85,88,79,78,87,29,63,High / Medium
Jordi Alba,Left-Back,Spain,28,FC Barcelona,"40,00 Mill. ","32,00 Mill. ",26,6,1966,1.966,0.04,1,,http://www.futhead.com/18/players/?name=Jordi Alba&sort=vote_sum&bin_platform=ps,85,93,69,75,82,81,72,High / Medium
Coke,Right-Back,Spain,30,Levante UD,"2,00 Mill. ","3,00 Mill. ",8,0,629,629,00-Jan,1,,http://www.futhead.com/18/players/?name=Coke&sort=vote_sum&bin_platform=ps,80,75,63,70,74,79,72,High / Medium
Cristiano Ronaldo,Centre-Forward,Portugal,32,Real Madrid,"120,00 Mill. ","100,00 Mill. ",29,6,2544,102,0.86,25,,http://www.futhead.com/18/players/?name=Cristiano Ronaldo&sort=vote_sum&bin_platform=ps,95,91,95,84,92,34,82,High / Low
Luis Suárez,Centre-Forward,Uruguay,30,FC Barcelona,"85,00 Mill. ","90,00 Mill. ",35,15,2862,99,0.83,29,,http://www.futhead.com/18/players/?name=Luis Suárez&sort=vote_sum&bin_platform=ps,92,82,90,79,86,42,81,High / Medium
Toni Kroos,Central Midfield,Germany,27,Real Madrid,"80,00 Mill. ","70,00 Mill. ",29,12,2500,833,0.1,3,,http://www.futhead.com/18/players/?name=Toni Kroos&sort=vote_sum&bin_platform=ps,90,50,81,88,81,73,70,Medium / Medium
Gareth Bale,Right Wing,Wales,28,Real Madrid,"75,00 Mill. ","80,00 Mill. ",19,3,1428,204,0.37,7,,http://www.futhead.com/18/players/?name=Gareth Bale&sort=vote_sum&bin_platform=ps,89,94,87,84,86,57,76,High / Medium
Saúl Ñíguez,Central Midfield,Spain,23,Atlético Madrid,"70,00 Mill. ","40,00 Mill. ",33,3,2543,636,0.12,4,,http://www.futhead.com/18/players/?name=Saúl Ñíguez&sort=vote_sum&bin_platform=ps,82,73,69,78,81,77,75,Medium / High
Karim Benzema,Centre-Forward,France,30,Real Madrid,"50,00 Mill. ","60,00 Mill. ",29,5,1913,174,0.38,11,,http://www.futhead.com/18/players/?name=Karim Benzema&sort=vote_sum&bin_platform=ps,87,80,85,80,83,22,77,Medium / Low
Marco Asensio,Left Wing,Spain,21,Real Madrid,"50,00 Mill. ","30,00 Mill. ",23,2,1077,359,0.13,3,,http://www.futhead.com/18/players/?name=Marco Asensio&sort=vote_sum&bin_platform=ps,84,78,79,83,83,39,61,Medium / Medium
Daniel Carvajal,Right-Back,Spain,25,Real Madrid,"45,00 Mill. ","32,00 Mill. ",23,5,2014,,0,0,,http://www.futhead.com/18/players/?name=Daniel Carvajal&sort=vote_sum&bin_platform=ps,84,82,45,73,79,82,78,High / Medium
Samuel Umtiti,Centre-Back,France,24,FC Barcelona,"40,00 Mill. ","30,00 Mill. ",25,0,2132,2.132,0.04,1,,http://www.futhead.com/18/players/?name=Samuel Umtiti&sort=vote_sum&bin_platform=ps,83,74,64,71,71,82,79,Medium / High
Paulinho,Central Midfield,Brazil,29,FC Barcelona,"40,00 Mill. ","20,00 Mill. ",20,4,1800,257,0.35,7,,http://www.futhead.com/18/players/?name=Paulinho&sort=vote_sum&bin_platform=ps,81,76,74,74,77,77,76,High / High
Luka Modric,Central Midfield,Croatia,32,Real Madrid,"40,00 Mill. ","40,00 Mill. ",25,2,1892,1.892,0.04,1,,http://www.futhead.com/18/players/?name=Luka Modric&sort=vote_sum&bin_platform=ps,89,73,75,86,89,72,65,High / Medium
Casemiro,Defensive Midfield,Brazil,25,Real Madrid,"40,00 Mill. ","30,00 Mill. ",25,0,1707,427,0.16,4,,http://www.futhead.com/18/players/?name=Casemiro&sort=vote_sum&bin_platform=ps,85,62,68,74,72,84,86,Medium / High
Gerard Piqué,Centre-Back,Spain,30,FC Barcelona,"40,00 Mill. ","40,00 Mill. ",25,0,2192,1.096,0.08,2,,http://www.futhead.com/18/players/?name=Gerard Piqué&sort=vote_sum&bin_platform=ps,87,65,61,69,66,86,76,High / Medium
Sergio Ramos,Centre-Back,Spain,31,Real Madrid,"40,00 Mill. ","40,00 Mill. ",28,0,2489,356,0.25,7,,http://www.futhead.com/18/players/?name=Sergio Ramos&sort=vote_sum&bin_platform=ps,90,76,63,71,72,88,83,High / Medium
Diego Godín,Centre-Back,Uruguay,31,Atlético Madrid,"35,00 Mill. ","38,00 Mill. ",31,1,2706,902,0.1,3,,http://www.futhead.com/18/players/?name=Diego Godín&sort=vote_sum&bin_platform=ps,88,65,48,65,64,88,78,Medium / High
Stefan Savic,Centre-Back,Montenegro,26,Atlético Madrid,"30,00 Mill. ","30,00 Mill. ",32,1,2727,2.727,0.03,1,,http://www.futhead.com/18/players/?name=Stefan Savic&sort=vote_sum&bin_platform=ps,82,63,35,52,57,83,74,Medium / High
Steven N'Zonzi,Defensive Midfield,France,29,Sevilla FC,"30,00 Mill. ","30,00 Mill. ",35,3,3066,1.533,0.06,2,,http://www.futhead.com/18/players/?name=Steven N'Zonzi&sort=vote_sum&bin_platform=ps,83,57,67,73,71,80,88,Medium / Medium
Vitolo,Left Wing,Spain,28,Atlético Madrid,"25,00 Mill. ","30,00 Mill. ",30,7,2333,389,0.2,6,,http://www.futhead.com/18/players/?name=Vitolo&sort=vote_sum&bin_platform=ps,83,80,77,79,82,28,76,High / High
Geoffrey Kondogbia,Central Midfield,France,24,Valencia CF,"25,00 Mill. ","18,00 Mill. ",24,2,1714,1714,0.04,1,,http://www.futhead.com/18/players/?name=Geoffrey Kondogbia&sort=vote_sum&bin_platform=ps,76,69,60,71,75,73,81,High / Medium
Simone Zaza,Centre-Forward,Italy,26,Valencia CF,"25,00 Mill. ","16,00 Mill. ",20,1,1376,229,0.3,6,,http://www.futhead.com/18/players/?name=Simone Zaza&sort=vote_sum&bin_platform=ps,83,79,86,65,80,48,86,High / High
Carlos Soler,Central Midfield,Spain,20,Valencia CF,"25,00 Mill. ","7,50 Mill. ",23,1,1724,575,0.13,3,,http://www.futhead.com/18/players/?name=Carlos Soler&sort=vote_sum&bin_platform=ps,76,76,72,77,72,65,59,Medium / Medium
Iñigo Martínez,Centre-Back,Spain,26,Real Sociedad,"25,00 Mill. ","20,00 Mill. ",34,4,2999,1,0.09,3,,http://www.futhead.com/18/players/?name=Iñigo Martínez&sort=vote_sum&bin_platform=ps,82,71,56,63,62,82,79,Medium / Medium
Cédric Bakambu,Centre-Forward,DR Congo,26,Villarreal CF,"25,00 Mill. ","16,00 Mill. ",26,2,1567,157,0.38,10,,http://www.futhead.com/18/players/?name=Cédric Bakambu&sort=vote_sum&bin_platform=ps,84,90,83,78,84,40,79,Medium / Medium
Sergi Roberto,Central Midfield,Spain,25,FC Barcelona,"40,00 Mill. ","25,00 Mill. ",32,6,2381,,0,0,,http://www.futhead.com/18/players/?name=Sergi Roberto&sort=vote_sum&bin_platform=ps,81,77,64,80,75,79,72,Medium / Medium
Marcelo,Left-Back,Brazil,29,Real Madrid,"40,00 Mill. ","38,00 Mill. ",30,10,2277,1.139,0.07,2,,http://www.futhead.com/18/players/?name=Marcelo&sort=vote_sum&bin_platform=ps,87,78,69,80,85,82,79,High / Medium
Raphaël Varane,Centre-Back,France,24,Real Madrid,"40,00 Mill. ","35,00 Mill. ",23,2,1927,1.927,0.04,1,,http://www.futhead.com/18/players/?name=Raphaël Varane&sort=vote_sum&bin_platform=ps,85,79,45,61,65,84,79,Medium / High
Marc-André ter Stegen,Keeper,Germany,25,FC Barcelona,"40,00 Mill. ","25,00 Mill. ",36,0,3240,,0,0,13,http://www.futhead.com/18/players/?name=Marc-André ter Stegen&sort=vote_sum&bin_platform=ps,85,84,83,87,86,38,81,No
José Giménez,Centre-Back,Uruguay,22,Atlético Madrid,"35,00 Mill. ","28,00 Mill. ",17,0,1011,,0,0,,http://www.futhead.com/18/players/?name=José Giménez&sort=vote_sum&bin_platform=ps,83,70,45,51,54,85,81,Medium / High
Nélson Semedo,Right-Back,Portugal,24,FC Barcelona,"30,00 Mill. ","20,00 Mill. ",31,8,2781,2782,0.03,1,,http://www.futhead.com/18/players/?name=Nélson Semedo&sort=vote_sum&bin_platform=ps,81,92,57,68,80,76,71,High / Medium
Mikel Oyarzabal,Left Wing,Spain,20,Real Sociedad,"30,00 Mill. ","15,00 Mill. ",38,8,2722,1.361,0.05,2,,http://www.futhead.com/18/players/?name=Mikel Oyarzabal&sort=vote_sum&bin_platform=ps,79,73,73,76,79,33,57,High / Medium
Aymeric Laporte,Centre-Back,France,23,Athletic Bilbao,"25,00 Mill. ","25,00 Mill. ",33,0,2865,1.433,0.06,2,,http://www.futhead.com/18/players/?name=Aymeric Laporte&sort=vote_sum&bin_platform=ps,84,69,50,66,62,86,78,Medium / Medium
Mateo Kovacic,Central Midfield,Croatia,23,Real Madrid,"25,00 Mill. ","25,00 Mill. ",27,3,1688,1.688,0.04,1,,http://www.futhead.com/18/players/?name=Mateo Kovacic&sort=vote_sum&bin_platform=ps,82,81,69,82,84,61,69,High / Medium
Rodrigo,Centre-Forward,Spain,26,Valencia CF,"25,00 Mill. ","7,50 Mill. ",19,4,1419,284,0.26,5,,http://www.futhead.com/18/players/?name=Rodrigo&sort=vote_sum&bin_platform=ps,78,91,75,70,78,32,68,High / Medium
Wissam Ben Yedder,Centre-Forward,France,27,Sevilla FC,"25,00 Mill. ","15,00 Mill. ",31,5,1668,152,0.35,11,,http://www.futhead.com/18/players/?name=Wissam Ben Yedder&sort=vote_sum&bin_platform=ps,84,85,85,80,88,37,70,High / High
José Gayá,Left-Back,Spain,22,Valencia CF,"25,00 Mill. ","18,00 Mill. ",27,3,2089,2.089,0.04,1,,http://www.futhead.com/18/players/?name=José Gayá&sort=vote_sum&bin_platform=ps,79,86,58,75,77,75,68,High / Medium
Iñaki Williams,Right Wing,Spain,23,Athletic Bilbao,"25,00 Mill. ","25,00 Mill. ",38,7,2800,560,0.13,5,,http://www.futhead.com/18/players/?name=Iñaki Williams&sort=vote_sum&bin_platform=ps,81,93,78,73,79,34,79,High / High
Sime Vrsaljko,Right-Back,Croatia,25,Atlético Madrid,"20,00 Mill. ","16,00 Mill. ",14,0,922,,0,0,,http://www.futhead.com/18/players/?name=Sime Vrsaljko&sort=vote_sum&bin_platform=ps,84,86,63,83,82,84,83,High / Medium
Rodrigo Hernández,Defensive Midfield,Spain,21,Villarreal CF,"20,00 Mill. ","2,50 Mill. ",23,1,834,,0,0,,http://www.futhead.com/18/players/?name=Rodrigo Hernández&sort=vote_sum&bin_platform=ps,70,52,58,65,64,67,60,Medium / High
Ángel Correa,Secondary Striker,Argentina,22,Atlético Madrid,"20,00 Mill. ","18,00 Mill. ",31,8,1211,303,0.13,4,,http://www.futhead.com/18/players/?name=Ángel Correa&sort=vote_sum&bin_platform=ps,79,82,80,65,85,49,57,Medium / Low
Kévin Gameiro,Centre-Forward,France,30,Atlético Madrid,"20,00 Mill. ","24,00 Mill. ",31,5,1717,143,0.39,12,,http://www.futhead.com/18/players/?name=Kévin Gameiro&sort=vote_sum&bin_platform=ps,83,87,83,75,79,35,68,Medium / Medium
Álvaro Odriozola,Right-Back,Spain,22,Real Sociedad,"20,00 Mill. ","10,00 Mill. ",15,5,1286,,0,0,,http://www.futhead.com/18/players/?name=Álvaro Odriozola&sort=vote_sum&bin_platform=ps,80,86,50,70,67,78,67,High / Medium
Nacho Fernández,Centre-Back,Spain,27,Real Madrid,"20,00 Mill. ","15,00 Mill. ",28,3,2301,1.151,0.07,2,,http://www.futhead.com/18/players/?name=Nacho Fernández&sort=vote_sum&bin_platform=ps,81,76,37,65,64,81,78,Medium / Medium
Paco Alcácer,Centre-Forward,Spain,24,FC Barcelona,"18,00 Mill. ","18,00 Mill. ",20,3,847,141,0.3,6,,http://www.futhead.com/18/players/?name=Paco Alcácer&sort=vote_sum&bin_platform=ps,82,77,83,70,80,34,67,High / Medium
Pablo Sarabia,Left Wing,Spain,25,Sevilla FC,"18,00 Mill. ","15,00 Mill. ",34,9,2131,266,0.24,8,,http://www.futhead.com/18/players/?name=Pablo Sarabia&sort=vote_sum&bin_platform=ps,83,80,80,85,85,35,58,High / Medium
Dani Parejo,Central Midfield,Spain,28,Valencia CF,"18,00 Mill. ","15,00 Mill. ",36,9,3195,639,0.14,5,,http://www.futhead.com/18/players/?name=Dani Parejo&sort=vote_sum&bin_platform=ps,82,52,77,87,77,61,71,Medium / Medium
Dani Ceballos,Central Midfield,Spain,21,Real Madrid,"17,00 Mill. ","17,00 Mill. ",30,2,2335,1.168,0.07,2,,http://www.futhead.com/18/players/?name=Dani Ceballos&sort=vote_sum&bin_platform=ps,78,68,61,76,80,70,64,Medium / Medium
Lucas Digne,Left-Back,France,24,FC Barcelona,"16,00 Mill. ","16,00 Mill. ",17,0,1175,,0,0,,http://www.futhead.com/18/players/?name=Lucas Digne&sort=vote_sum&bin_platform=ps,79,80,61,75,75,75,75,High / Medium
Nico Gaitán,Left Wing,Argentina,29,Atlético Madrid,"15,00 Mill. ","20,00 Mill. ",23,3,1019,340,0.13,3,,http://www.futhead.com/18/players/?name=Nico Gaitán&sort=vote_sum&bin_platform=ps,83,81,74,81,84,39,55,High / Medium
André Gomes,Central Midfield,Portugal,24,FC Barcelona,"22,00 Mill. ","25,00 Mill. ",30,2,1592,531,0.1,3,,http://www.futhead.com/18/players/?name=André Gomes&sort=vote_sum&bin_platform=ps,82,68,71,78,78,71,81,Medium / Medium
Kepa Arrizabalaga,Keeper,Spain,23,Athletic Bilbao,"20,00 Mill. ","8,00 Mill. ",23,0,2016,,0,0,8,http://www.futhead.com/18/players/?name=Kepa Arrizabalaga&sort=vote_sum&bin_platform=ps,79,78,81,75,81,34,76,No
Andrés Iniesta,Central Midfield,Spain,33,FC Barcelona,"20,00 Mill. ","20,00 Mill. ",23,3,1329,,0,0,,http://www.futhead.com/18/players/?name=Andrés Iniesta&sort=vote_sum&bin_platform=ps,87,71,70,87,90,58,58,High / Medium
Theo Hernández,Left-Back,France,20,Real Madrid,"20,00 Mill. ","20,00 Mill. ",32,4,2726,2.726,0.03,1,,http://www.futhead.com/18/players/?name=Theo Hernández&sort=vote_sum&bin_platform=ps,75,84,56,63,74,72,76,Medium / Medium
Sergio Rico,Keeper,Spain,24,Sevilla FC,"20,00 Mill. ","20,00 Mill. ",35,0,3150,,0,0,12,http://www.futhead.com/18/players/?name=Sergio Rico&sort=vote_sum&bin_platform=ps,81,80,79,78,83,50,81,No
Lucas Hernández,Centre-Back,France,21,Atlético Madrid,"20,00 Mill. ","15,00 Mill. ",15,0,1253,,0,0,,http://www.futhead.com/18/players/?name=Lucas Hernández&sort=vote_sum&bin_platform=ps,76,65,42,53,57,76,70,Medium / High
Iago Aspas,Right Wing,Spain,30,Celta de Vigo,"18,00 Mill. ","18,00 Mill. ",32,4,2318,122,0.59,19,,http://www.futhead.com/18/players/?name=Iago Aspas&sort=vote_sum&bin_platform=ps,86,84,88,80,89,33,69,High / High
Denis Suárez,Central Midfield,Spain,23,FC Barcelona,"18,00 Mill. ","18,00 Mill. ",26,4,1182,1.182,0.04,1,,http://www.futhead.com/18/players/?name=Denis Suárez&sort=vote_sum&bin_platform=ps,80,79,74,81,83,51,58,Medium / Medium
Filipe Luís,Left-Back,Brazil,32,Atlético Madrid,"18,00 Mill. ","18,00 Mill. ",34,6,3009,1.003,0.09,3,,http://www.futhead.com/18/players/?name=Filipe Luís&sort=vote_sum&bin_platform=ps,85,79,62,77,78,82,79,High / Medium
Keylor Navas,Keeper,Costa Rica,31,Real Madrid,"18,00 Mill. ","18,00 Mill. ",27,0,2430,,0,0,5,http://www.futhead.com/18/players/?name=Keylor Navas&sort=vote_sum&bin_platform=ps,85,87,82,72,85,54,80,No
Mario Gaspar,Right-Back,Spain,27,Villarreal CF,"16,00 Mill. ","16,00 Mill. ",36,3,3240,,0,0,,http://www.futhead.com/18/players/?name=Mario Gaspar&sort=vote_sum&bin_platform=ps,81,81,70,70,73,80,81,High / Medium
Rafinha,Central Midfield,Brazil,24,FC Barcelona,"15,00 Mill. ","15,00 Mill. ",18,2,1074,179,0.33,6,,http://www.futhead.com/18/players/?name=Rafinha&sort=vote_sum&bin_platform=ps,81,74,76,79,84,62,64,Medium / Medium
Ezequiel Garay,Centre-Back,Argentina,31,Valencia CF,"15,00 Mill. ","15,00 Mill. ",27,0,2340,780,0.11,3,,http://www.futhead.com/18/players/?name=Ezequiel Garay&sort=vote_sum&bin_platform=ps,83,43,64,66,65,84,80,Medium / Medium
Pione Sisto,Left Wing,Denmark,22,Celta de Vigo,"15,00 Mill. ","5,00 Mill. ",30,4,1664,555,0.1,3,,http://www.futhead.com/18/players/?name=Pione Sisto&sort=vote_sum&bin_platform=ps,74,84,72,64,79,52,66,High / Medium
Clément Lenglet,Centre-Back,France,22,Sevilla FC,"15,00 Mill. ","7,50 Mill. ",17,0,1375,,0,0,,http://www.futhead.com/18/players/?name=Clément Lenglet&sort=vote_sum&bin_platform=ps,78,73,33,52,56,78,75,Medium / High
Luis Muriel,Centre-Forward,Colombia,26,Sevilla FC,"15,00 Mill. ","20,00 Mill. ",31,9,2258,205,0.35,11,,http://www.futhead.com/18/players/?name=Luis Muriel&sort=vote_sum&bin_platform=ps,80,89,77,68,84,24,72,High / Low
Asier Illarramendi,Defensive Midfield,Spain,27,Real Sociedad,"15,00 Mill. ","15,00 Mill. ",34,3,3004,3.004,0.03,1,,http://www.futhead.com/18/players/?name=Asier Illarramendi&sort=vote_sum&bin_platform=ps,81,60,66,77,78,77,70,Medium / High
Martín Montoya,Right-Back,Spain,26,Valencia CF,"15,00 Mill. ","10,00 Mill. ",29,1,2220,1.11,0.07,2,,http://www.futhead.com/18/players/?name=Martín Montoya&sort=vote_sum&bin_platform=ps,77,83,50,69,72,75,71,High / Medium
Jesús Vallejo,Centre-Back,Spain,20,Real Madrid,"15,00 Mill. ","15,00 Mill. ",25,1,2055,2055,0.04,1,,http://www.futhead.com/18/players/?name=Jesús Vallejo&sort=vote_sum&bin_platform=ps,77,73,41,56,63,79,70,Low / High
Víctor Ruiz,Centre-Back,Spain,28,Villarreal CF,"14,00 Mill. ","14,00 Mill. ",28,1,2367,2.367,0.04,1,,http://www.futhead.com/18/players/?name=Víctor Ruiz&sort=vote_sum&bin_platform=ps,82,58,42,64,61,83,81,Medium / Medium
Nicola Sansone,Centre-Forward,Italy,26,Villarreal CF,"12,00 Mill. ","16,00 Mill. ",32,4,2131,266,0.25,8,,http://www.futhead.com/18/players/?name=Nicola Sansone&sort=vote_sum&bin_platform=ps,82,85,85,80,86,40,73,Medium / Medium
Diego Llorente,Centre-Back,Spain,24,Real Sociedad,"12,00 Mill. ","7,50 Mill. ",25,0,2029,1.015,0.08,2,,http://www.futhead.com/18/players/?name=Diego Llorente&sort=vote_sum&bin_platform=ps,82,65,44,68,68,84,76,Medium / Medium
Roberto Soriano,Left Midfield,Italy,26,Villarreal CF,"12,00 Mill. ","16,00 Mill. ",33,7,2467,247,0.3,10,,http://www.futhead.com/18/players/?name=Roberto Soriano&sort=vote_sum&bin_platform=ps,80,77,77,80,80,63,73,Medium / Medium
Franco Vázquez,Attacking Midfield,Italy,28,Sevilla FC,"12,00 Mill. ","18,00 Mill. ",30,2,2092,299,0.23,7,,http://www.futhead.com/18/players/?name=Franco Vázquez&sort=vote_sum&bin_platform=ps,82,64,77,79,84,43,75,Medium / High
Lucas Vázquez,Right Wing,Spain,26,Real Madrid,"15,00 Mill. ","15,00 Mill. ",33,9,1383,692,0.06,2,,http://www.futhead.com/18/players/?name=Lucas Vázquez&sort=vote_sum&bin_platform=ps,82,81,75,81,82,38,67,High / High
Guido Pizarro,Defensive Midfield,Argentina,27,Sevilla FC,"15,00 Mill. ","6,00 Mill. ",16,1,1350,,0,0,,http://www.futhead.com/18/players/?name=Guido Pizarro&sort=vote_sum&bin_platform=ps,78,60,62,71,70,74,84,Medium / High
Marcos Llorente,Defensive Midfield,Spain,22,Real Madrid,"15,00 Mill. ","15,00 Mill. ",32,2,2805,,0,0,,http://www.futhead.com/18/players/?name=Marcos Llorente&sort=vote_sum&bin_platform=ps,77,55,48,72,70,71,71,Medium / Medium
Pablo Fornals,Central Midfield,Spain,21,Villarreal CF,"15,00 Mill. ","12,00 Mill. ",32,3,2673,446,0.19,6,,http://www.futhead.com/18/players/?name=Pablo Fornals&sort=vote_sum&bin_platform=ps,77,61,66,76,75,69,65,Medium / Medium
Manu Trigueros,Central Midfield,Spain,26,Villarreal CF,"15,00 Mill. ","15,00 Mill. ",37,1,3042,608,0.14,5,,http://www.futhead.com/18/players/?name=Manu Trigueros&sort=vote_sum&bin_platform=ps,82,73,74,80,81,65,69,Medium / Medium
Gabriel Paulista,Centre-Back,Brazil,27,Valencia CF,"15,00 Mill. ","13,00 Mill. ",19,0,1515,,0,0,,http://www.futhead.com/18/players/?name=Gabriel Paulista&sort=vote_sum&bin_platform=ps,79,66,49,65,64,80,76,Low / High
Jeison Murillo,Centre-Back,Colombia,25,Valencia CF,"15,00 Mill. ","13,00 Mill. ",27,1,2075,,0,0,,http://www.futhead.com/18/players/?name=Jeison Murillo&sort=vote_sum&bin_platform=ps,79,75,40,56,64,80,77,Medium / High
Gerard Deulofeu,Right Wing,Spain,23,FC Barcelona,"14,00 Mill. ","12,00 Mill. ",17,3,1463,366,0.23,4,,http://www.futhead.com/18/players/?name=Gerard Deulofeu&sort=vote_sum&bin_platform=ps,82,93,70,75,87,26,61,High / Low
Carlos Bacca,Centre-Forward,Colombia,31,Villarreal CF,"12,00 Mill. ","18,00 Mill. ",32,5,2128,164,0.4,13,,http://www.futhead.com/18/players/?name=Carlos Bacca&sort=vote_sum&bin_platform=ps,82,77,79,64,79,24,70,Medium / Low
Maximiliano Gómez,Centre-Forward,Uruguay,21,Celta de Vigo,"12,00 Mill. ","4,00 Mill. ",12,3,980,98,0.83,10,,http://www.futhead.com/18/players/?name=Maximiliano Gómez&sort=vote_sum&bin_platform=ps,70,66,69,57,63,24,68,Medium / Medium
Éver Banega,Central Midfield,Argentina,29,Sevilla FC,"12,00 Mill. ","9,00 Mill. ",28,7,1560,260,0.21,6,,http://www.futhead.com/18/players/?name=Éver Banega&sort=vote_sum&bin_platform=ps,85,71,75,88,86,66,70,Medium / Medium
Willian José,Centre-Forward,Brazil,26,Real Sociedad,"12,00 Mill. ","12,00 Mill. ",28,4,2080,173,0.43,12,,http://www.futhead.com/18/players/?name=Willian José&sort=vote_sum&bin_platform=ps,82,66,82,66,76,36,76,Medium / Low
Gerard Moreno,Centre-Forward,Spain,25,RCD Espanyol Barcelona,"12,00 Mill. ","8,00 Mill. ",37,4,3280,252,0.35,13,,http://www.futhead.com/18/players/?name=Gerard Moreno&sort=vote_sum&bin_platform=ps,78,66,77,65,76,45,63,High / Medium
Lucas Pérez,Centre-Forward,Spain,29,Deportivo de La Coruña,"10,00 Mill. ","15,00 Mill. ",1,1,90,90,1,1,,http://www.futhead.com/18/players/?name=Lucas Pérez&sort=vote_sum&bin_platform=ps,81,81,82,76,80,31,71,High / Medium
Santi Mina,Centre-Forward,Spain,22,Valencia CF,"10,00 Mill. ","6,00 Mill. ",29,3,1403,234,0.21,6,,http://www.futhead.com/18/players/?name=Santi Mina&sort=vote_sum&bin_platform=ps,76,78,75,67,77,52,67,Medium / Medium
Gerónimo Rulli,Keeper,Argentina,25,Real Sociedad,"10,00 Mill. ","14,00 Mill. ",38,0,3420,,0,0,10,http://www.futhead.com/18/players/?name=Gerónimo Rulli&sort=vote_sum&bin_platform=ps,83,85,79,75,86,54,82,No
Adnan Januzaj,Right Wing,Belgium,22,Real Sociedad,"10,00 Mill. ","8,50 Mill. ",31,3,1630,,0,0,,http://www.futhead.com/18/players/?name=Adnan Januzaj&sort=vote_sum&bin_platform=ps,77,79,66,75,81,21,50,Medium / Low
Hugo Mallo,Right-Back,Spain,26,Celta de Vigo,"10,00 Mill. ","8,00 Mill. ",23,1,1988,994,0.09,2,,http://www.futhead.com/18/players/?name=Hugo Mallo&sort=vote_sum&bin_platform=ps,80,74,40,70,74,77,76,High / Medium
Jasper Cillessen,Keeper,Netherlands,28,FC Barcelona,"9,00 Mill. ","9,00 Mill. ",1,0,90,,0,0,0,http://www.futhead.com/18/players/?name=Jasper Cillessen&sort=vote_sum&bin_platform=ps,81,79,83,74,77,54,81,No
Mikel San José,Defensive Midfield,Spain,28,Athletic Bilbao,"9,00 Mill. ","12,00 Mill. ",35,1,2665,666,0.11,4,,http://www.futhead.com/18/players/?name=Mikel San José&sort=vote_sum&bin_platform=ps,80,43,70,70,70,79,78,Medium / Medium
Raúl García,Attacking Midfield,Spain,31,Athletic Bilbao,"9,00 Mill. ","12,00 Mill. ",36,4,2884,288,0.28,10,,http://www.futhead.com/18/players/?name=Raúl García&sort=vote_sum&bin_platform=ps,81,57,76,82,77,66,76,High / Medium
Jonathan Viera,Attacking Midfield,Spain,28,UD Las Palmas,"8,00 Mill. ","10,00 Mill. ",31,8,2585,369,0.23,7,,http://www.futhead.com/18/players/?name=Jonathan Viera&sort=vote_sum&bin_platform=ps,82,80,75,81,86,52,68,High / Low
Rúben Semedo,Centre-Back,Portugal,23,Villarreal CF,"8,00 Mill. ","14,00 Mill. ",24,0,2090,,0,0,,http://www.futhead.com/18/players/?name=Rúben Semedo&sort=vote_sum&bin_platform=ps,78,72,52,51,64,78,82,Medium / High
Juanfran,Right-Back,Spain,32,Atlético Madrid,"8,00 Mill. ","12,00 Mill. ",23,2,1977,,0,0,,http://www.futhead.com/18/players/?name=Juanfran&sort=vote_sum&bin_platform=ps,83,82,58,75,77,80,77,High / Medium
Arda Turan,Left Wing,Turkey,30,FC Barcelona,"12,00 Mill. ","15,00 Mill. ",18,3,1244,415,0.17,3,,http://www.futhead.com/18/players/?name=Arda Turan&sort=vote_sum&bin_platform=ps,82,71,73,81,84,61,72,High / High
Sergi Darder,Central Midfield,Spain,24,RCD Espanyol Barcelona,"11,00 Mill. ","11,00 Mill. ",23,2,1412,1412,0.043,1,,http://www.futhead.com/18/players/?name=Sergi Darder&sort=vote_sum&bin_platform=ps,78,55,63,76,79,64,66,Medium / Low
Daniel Wass,Central Midfield,Denmark,28,Celta de Vigo,"10,00 Mill. ","10,00 Mill. ",32,4,2394,798,0.09,3,,http://www.futhead.com/18/players/?name=Daniel Wass&sort=vote_sum&bin_platform=ps,83,78,80,86,84,70,74,Medium / Medium
Neto,Keeper,Brazil,28,Valencia CF,"10,00 Mill. ","6,00 Mill. ",8,0,674,,0,0,6,http://www.futhead.com/18/players/?name=Neto&sort=vote_sum&bin_platform=ps,80,84,80,74,83,53,74,No
Joaquín Correa,Left Wing,Argentina,23,Sevilla FC,"10,00 Mill. ","10,00 Mill. ",26,1,1309,327,0.15,4,,http://www.futhead.com/18/players/?name=Joaquín Correa&sort=vote_sum&bin_platform=ps,73,73,70,73,74,33,60,Medium / Medium
Iker Muniain,Left Wing,Spain,25,Athletic Bilbao,"9,00 Mill. ","15,00 Mill. ",35,3,2413,345,0.2,7,,http://www.futhead.com/18/players/?name=Iker Muniain&sort=vote_sum&bin_platform=ps,78,81,70,72,82,43,49,High / Medium
Jaume Costa,Left-Back,Spain,29,Villarreal CF,"9,00 Mill. ","9,00 Mill. ",31,3,2681,2.681,0.03,1,,http://www.futhead.com/18/players/?name=Jaume Costa&sort=vote_sum&bin_platform=ps,79,83,59,71,74,76,72,High / High
Munir El Haddadi,Centre-Forward,Spain,22,Deportivo Alavés,"9,00 Mill. ","9,00 Mill. ",33,3,2032,339,0.18,6,,http://www.futhead.com/18/players/?name=Munir El Haddadi&sort=vote_sum&bin_platform=ps,75,81,74,62,79,27,56,High / Medium
Thomas,Defensive Midfield,Ghana,24,Atlético Madrid,"8,00 Mill. ","4,50 Mill. ",16,2,627,627,0.06,1,,http://www.futhead.com/18/players/?name=Thomas&sort=vote_sum&bin_platform=ps,84,80,79,78,80,83,86,High / High
Johannes Geis,Defensive Midfield,Germany,24,Sevilla FC,"8,00 Mill. ","10,00 Mill. ",18,0,1332,,0,0,,http://www.futhead.com/18/players/?name=Johannes Geis&sort=vote_sum&bin_platform=ps,77,48,66,81,69,73,77,Low / Medium
Sergi Gómez,Centre-Back,Spain,25,Celta de Vigo,"8,00 Mill. ","6,00 Mill. ",25,0,1904,,0,0,,http://www.futhead.com/18/players/?name=Sergi Gómez&sort=vote_sum&bin_platform=ps,77,43,41,64,63,78,73,High / Medium
Loïc Rémy,Centre-Forward,France,30,UD Las Palmas,"8,00 Mill. ","9,00 Mill. ",5,0,131,,0,0,,http://www.futhead.com/18/players/?name=Loïc Rémy&sort=vote_sum&bin_platform=ps,77,76,76,65,73,33,69,Medium / Medium
Iñigo Lekue,Right-Back,Spain,24,Athletic Bilbao,"7,50 Mill. ","4,00 Mill. ",25,1,1571,786,0.08,2,,http://www.futhead.com/18/players/?name=Iñigo Lekue&sort=vote_sum&bin_platform=ps,75,73,64,74,75,67,73,Medium / High
Fabián Ruiz,Central Midfield,Spain,21,Real Betis Balompié,"7,50 Mill. ",500 Th. ,18,2,1347,1347,0.055,1,,http://www.futhead.com/18/players/?name=Fabián Ruiz&sort=vote_sum&bin_platform=ps,70,54,64,70,67,70,61,Medium / Medium
Antonio Sanabria,Centre-Forward,Paraguay,21,Real Betis Balompié,"7,50 Mill. ","5,00 Mill. ",22,1,1496,499,0.14,3,,http://www.futhead.com/18/players/?name=Antonio Sanabria&sort=vote_sum&bin_platform=ps,82,84,82,78,85,30,70,High / Medium
Sergio Escudero,Left-Back,Spain,28,Sevilla FC,"7,50 Mill. ","7,50 Mill. ",26,3,2281,,0,0,,http://www.futhead.com/18/players/?name=Sergio Escudero&sort=vote_sum&bin_platform=ps,79,75,56,73,71,76,73,High / Medium
Juanmi,Right Wing,Spain,24,Real Sociedad,"7,50 Mill. ","10,00 Mill. ",35,1,1831,166,0.31,11,,http://www.futhead.com/18/players/?name=Juanmi&sort=vote_sum&bin_platform=ps,75,77,73,67,77,30,54,Medium / Medium
Álvaro González,Centre-Back,Spain,27,Villarreal CF,"7,50 Mill. ","6,00 Mill. ",23,1,1883,1.883,0.04,1,,http://www.futhead.com/18/players/?name=Álvaro González&sort=vote_sum&bin_platform=ps,77,70,30,54,58,76,76,Medium / High
Sergio Asenjo,Keeper,Spain,28,Villarreal CF,"7,50 Mill. ","7,50 Mill. ",24,0,2105,,0,0,12,http://www.futhead.com/18/players/?name=Sergio Asenjo&sort=vote_sum&bin_platform=ps,84,86,83,76,85,59,82,No
Bernardo Espinosa,Centre-Back,Colombia,28,Girona FC,"7,00 Mill. ","4,50 Mill. ",11,0,975,,0,0,,http://www.futhead.com/18/players/?name=Bernardo Espinosa&sort=vote_sum&bin_platform=ps,76,54,44,59,51,75,77,Medium / High
Ryad Boudebouz,Attacking Midfield,Algeria,27,Real Betis Balompié,"6,00 Mill. ","10,00 Mill. ",33,9,2925,266,0.33,11,,http://www.futhead.com/18/players/?name=Ryad Boudebouz&sort=vote_sum&bin_platform=ps,81,76,78,82,81,32,62,High / Medium
Aïssa Mandi,Centre-Back,Algeria,26,Real Betis Balompié,"6,00 Mill. ","6,00 Mill. ",26,1,2216,1.108,0.08,2,,http://www.futhead.com/18/players/?name=Aïssa Mandi&sort=vote_sum&bin_platform=ps,78,68,46,73,69,78,72,High / Medium
Antonio Adán,Keeper,Spain,30,Real Betis Balompié,"8,00 Mill. ","8,00 Mill. ",37,0,3330,,0,0,10,http://www.futhead.com/18/players/?name=Antonio Adán&sort=vote_sum&bin_platform=ps,81,80,83,72,82,55,81,No
Andreas Pereira,Left Wing,Brazil,22,Valencia CF,"7,50 Mill. ","5,00 Mill. ",35,3,2832,566,0.14,5,,http://www.futhead.com/18/players/?name=Andreas Pereira&sort=vote_sum&bin_platform=ps,77,72,71,76,81,62,69,High / High
Sébastien Corchia,Right-Back,France,27,Sevilla FC,"7,50 Mill. ","7,50 Mill. ",38,4,3418,3418,0.026,1,,http://www.futhead.com/18/players/?name=Sébastien Corchia&sort=vote_sum&bin_platform=ps,79,77,65,75,76,77,72,High / Medium
Markel Susaeta,Right Wing,Spain,30,Athletic Bilbao,"7,50 Mill. ","7,50 Mill. ",26,2,1102,1.102,0.04,1,,http://www.futhead.com/18/players/?name=Markel Susaeta&sort=vote_sum&bin_platform=ps,78,74,71,82,78,28,64,High / Medium
Yeray Álvarez,Centre-Back,Spain,22,Athletic Bilbao,"7,50 Mill. ","15,00 Mill. ",26,1,2270,,0,0,,http://www.futhead.com/18/players/?name=Yeray Álvarez&sort=vote_sum&bin_platform=ps,78,68,49,57,63,77,75,Medium / High
Borja Mayoral,Centre-Forward,Spain,20,Real Madrid,"7,50 Mill. ","2,50 Mill. ",19,0,374,184,0.105,2,,http://www.futhead.com/18/players/?name=Borja Mayoral&sort=vote_sum&bin_platform=ps,72,74,72,57,69,18,52,High / Medium
Aleix Vidal,Right-Back,Spain,28,FC Barcelona,"7,50 Mill. ","7,50 Mill. ",6,2,475,238,0.33,2,,http://www.futhead.com/18/players/?name=Aleix Vidal&sort=vote_sum&bin_platform=ps,76,91,67,72,80,69,70,High / Medium
Samu Castillejo,Right Wing,Spain,22,Villarreal CF,"7,00 Mill. ","7,00 Mill. ",33,4,2051,1.026,0.06,2,,http://www.futhead.com/18/players/?name=Samu Castillejo&sort=vote_sum&bin_platform=ps,80,86,67,79,81,37,48,Medium / High
David López,Centre-Back,Spain,28,RCD Espanyol Barcelona,"6,50 Mill. ","6,50 Mill. ",36,2,3240,1.08,0.08,3,,http://www.futhead.com/18/players/?name=David López&sort=vote_sum&bin_platform=ps,78,60,66,66,67,77,81,High / High
Kiko Casilla,Keeper,Spain,31,Real Madrid,"6,00 Mill. ","6,00 Mill. ",11,0,990,,0,0,5,http://www.futhead.com/18/players/?name=Kiko Casilla&sort=vote_sum&bin_platform=ps,80,75,83,80,77,32,82,No
Mauricio Lemos,Centre-Back,Uruguay,22,UD Las Palmas,"6,00 Mill. ","10,00 Mill. ",23,0,1850,370,0.22,5,,http://www.futhead.com/18/players/?name=Mauricio Lemos&sort=vote_sum&bin_platform=ps,77,70,54,57,70,78,74,High / Medium
Óscar de Marcos,Right-Back,Spain,28,Athletic Bilbao,"6,00 Mill. ","8,00 Mill. ",27,4,2149,2.149,0.04,1,,http://www.futhead.com/18/players/?name=Óscar de Marcos&sort=vote_sum&bin_platform=ps,81,86,62,73,78,74,79,High / Medium
Mikel Vesga,Defensive Midfield,Spain,24,Athletic Bilbao,"6,00 Mill. ","6,00 Mill. ",17,1,1409,1.409,0.06,1,,http://www.futhead.com/18/players/?name=Mikel Vesga&sort=vote_sum&bin_platform=ps,71,57,57,66,63,67,75,Medium / Medium
Sidnei,Centre-Back,Brazil,28,Deportivo de La Coruña,"6,00 Mill. ","6,00 Mill. ",29,0,2491,2.491,0.03,1,,http://www.futhead.com/18/players/?name=Sidnei&sort=vote_sum&bin_platform=ps,80,51,50,59,68,80,81,High / Medium
Javier Mascherano,Centre-Back,Argentina,33,FC Barcelona,"6,00 Mill. ","8,00 Mill. ",25,3,1916,1.916,0.04,1,,http://www.futhead.com/18/players/?name=Javier Mascherano&sort=vote_sum&bin_platform=ps,83,65,53,71,70,82,77,Medium / High
Nolito,Left Wing,Spain,31,Sevilla FC,"6,00 Mill. ","9,00 Mill. ",19,2,776,194,0.21,4,,http://www.futhead.com/18/players/?name=Nolito&sort=vote_sum&bin_platform=ps,79,72,78,76,80,39,67,High / Low
Pablo Piatti,Left Wing,Argentina,28,RCD Espanyol Barcelona,"6,00 Mill. ","6,00 Mill. ",30,11,2355,236,0.33,10,,http://www.futhead.com/18/players/?name=Pablo Piatti&sort=vote_sum&bin_platform=ps,79,82,71,75,80,42,56,High / Medium
Beñat Etxebarria,Central Midfield,Spain,30,Athletic Bilbao,"5,00 Mill. ","8,00 Mill. ",32,5,2442,2.442,0.03,1,,http://www.futhead.com/18/players/?name=Beñat Etxebarria&sort=vote_sum&bin_platform=ps,82,58,75,84,75,66,74,Medium / Medium
Portu,Attacking Midfield,Spain,25,Girona FC,"5,00 Mill. ","1,80 Mill. ",41,8,3240,405,0.19,8,,http://www.futhead.com/18/players/?name=Portu&sort=vote_sum&bin_platform=ps,75,79,73,71,76,61,73,Medium / Medium
Emre Mor,Right Wing,Turkey,20,Celta de Vigo,"5,00 Mill. ","5,00 Mill. ",12,3,475,475,0.08,1,,http://www.futhead.com/18/players/?name=Emre Mor&sort=vote_sum&bin_platform=ps,70,85,62,55,83,25,51,High / Low
Dani García,Central Midfield,Spain,27,SD Eibar,"5,00 Mill. ","5,00 Mill. ",36,1,3185,3.185,0.03,1,,http://www.futhead.com/18/players/?name=Dani García&sort=vote_sum&bin_platform=ps,81,48,58,74,71,73,80,Medium / High
Douglas Luiz,Central Midfield,Brazil,19,Girona FC,"5,00 Mill. ","6,00 Mill. ",11,0,259,,0,0,,http://www.futhead.com/18/players/?name=Douglas Luiz&sort=vote_sum&bin_platform=ps,73,74,64,71,72,72,71,Medium / Medium
Borja Bastón,Centre-Forward,Spain,25,Málaga CF,"5,00 Mill. ","8,00 Mill. ",18,0,546,546,0.05,1,,http://www.futhead.com/18/players/?name=Borja Bastón&sort=vote_sum&bin_platform=ps,78,62,78,59,71,28,74,Medium / Low
Riza Durmisi,Left-Back,Denmark,23,Real Betis Balompié,"6,00 Mill. ","6,00 Mill. ",27,3,2388,2.388,0.04,1,,http://www.futhead.com/18/players/?name=Riza Durmisi&sort=vote_sum&bin_platform=ps,73,85,62,70,73,66,75,High / Medium
Jesús Navas,Right Wing,Spain,32,Sevilla FC,"6,00 Mill. ","9,00 Mill. ",24,2,1056,,0,0,,http://www.futhead.com/18/players/?name=Jesús Navas&sort=vote_sum&bin_platform=ps,78,88,65,73,81,28,50,Medium / Medium
Enes Ünal,Centre-Forward,Turkey,20,Villarreal CF,"6,00 Mill. ","14,00 Mill. ",32,4,2729,152,0.56,18,,http://www.futhead.com/18/players/?name=Enes Ünal&sort=vote_sum&bin_platform=ps,74,70,77,61,72,32,66,High / Medium
Cristian Tello,Left Wing,Spain,26,Real Betis Balompié,"6,00 Mill. ","8,00 Mill. ",37,7,2107,527,0.1,4,,http://www.futhead.com/18/players/?name=Cristian Tello&sort=vote_sum&bin_platform=ps,77,90,70,70,80,28,59,Medium / Low
Diego Rolán,Centre-Forward,Uruguay,24,Málaga CF,"6,00 Mill. ","8,00 Mill. ",29,0,1764,196,0.31,9,,http://www.futhead.com/18/players/?name=Diego Rolán&sort=vote_sum&bin_platform=ps,77,75,75,72,77,31,64,High / Medium
Víctor Camarasa,Central Midfield,Spain,23,Real Betis Balompié,"6,00 Mill. ","7,00 Mill. ",31,1,2507,836,0.1,3,,http://www.futhead.com/18/players/?name=Víctor Camarasa&sort=vote_sum&bin_platform=ps,76,63,68,73,74,66,75,High / Medium
Celso Borges,Central Midfield,Costa Rica,29,Deportivo de La Coruña,"5,00 Mill. ","5,00 Mill. ",34,0,2724,454,0.18,6,,http://www.futhead.com/18/players/?name=Celso Borges&sort=vote_sum&bin_platform=ps,78,61,77,73,73,76,74,High / Medium
Ander Iturraspe,Defensive Midfield,Spain,28,Athletic Bilbao,"5,00 Mill. ","5,00 Mill. ",24,1,1152,,0,0,,http://www.futhead.com/18/players/?name=Ander Iturraspe&sort=vote_sum&bin_platform=ps,81,59,63,77,70,79,72,High / Medium
Andrés Guardado,Defensive Midfield,Mexico,31,Real Betis Balompié,"5,00 Mill. ","6,00 Mill. ",27,9,2275,1138,0.07,2,,http://www.futhead.com/18/players/?name=Andrés Guardado&sort=vote_sum&bin_platform=ps,80,76,64,80,82,67,68,Medium / Medium
Pablo Hernández,Central Midfield,Chile,31,Celta de Vigo,"5,00 Mill. ","6,00 Mill. ",26,0,1897,1.897,0.04,1,,http://www.futhead.com/18/players/?name=Pablo Hernández&sort=vote_sum&bin_platform=ps,74,71,70,73,78,42,58,Medium / Medium
Sergi Enrich,Centre-Forward,Spain,27,SD Eibar,"5,00 Mill. ","10,00 Mill. ",38,7,2829,257,0.29,11,,http://www.futhead.com/18/players/?name=Sergi Enrich&sort=vote_sum&bin_platform=ps,80,66,77,69,75,42,79,High / High
Rubén Pérez,Defensive Midfield,Spain,28,CD Leganés,"5,00 Mill. ","2,50 Mill. ",30,1,2315,,0,0,,http://www.futhead.com/18/players/?name=Rubén Pérez&sort=vote_sum&bin_platform=ps,75,57,56,68,66,70,77,Medium / Medium
Nemanja Radoja,Defensive Midfield,Serbia,24,Celta de Vigo,"5,00 Mill. ","8,00 Mill. ",31,1,2420,2.42,0.03,1,,http://www.futhead.com/18/players/?name=Nemanja Radoja&sort=vote_sum&bin_platform=ps,78,50,68,67,70,76,74,High / Medium
Sergio León,Centre-Forward,Spain,28,Real Betis Balompié,"5,00 Mill. ","3,50 Mill. ",33,2,2401,240,0.3,10,,http://www.futhead.com/18/players/?name=Sergio León&sort=vote_sum&bin_platform=ps,77,76,78,56,76,34,69,High / Medium
Ander Capa,Right-Back,Spain,25,SD Eibar,"5,00 Mill. ","5,00 Mill. ",31,3,2553,,0,0,,http://www.futhead.com/18/players/?name=Ander Capa&sort=vote_sum&bin_platform=ps,78,86,63,69,76,72,84,High / High
Gabriel,Attacking Midfield,Brazil,24,CD Leganés,"5,00 Mill. ","4,00 Mill. ",34,2,2772,554,0.15,5,,http://www.futhead.com/18/players/?name=Gabriel&sort=vote_sum&bin_platform=ps,81,87,79,71,87,26,67,High / High
Cristhian Stuani,Centre-Forward,Uruguay,31,Girona FC,"5,00 Mill. ","3,50 Mill. ",23,0,1359,340,0.17,4,,http://www.futhead.com/18/players/?name=Cristhian Stuani&sort=vote_sum&bin_platform=ps,76,69,75,67,71,46,78,Medium / Low
John Guidetti,Centre-Forward,Sweden,25,Celta de Vigo,"5,00 Mill. ","8,00 Mill. ",23,2,1066,267,0.17,4,,http://www.futhead.com/18/players/?name=John Guidetti&sort=vote_sum&bin_platform=ps,78,65,80,65,76,30,75,High / Medium
Víctor Sánchez,Central Midfield,Spain,30,RCD Espanyol Barcelona,"4,00 Mill. ","4,00 Mill. ",26,1,2281,2.281,0.04,1,,http://www.futhead.com/18/players/?name=Víctor Sánchez&sort=vote_sum&bin_platform=ps,78,64,62,79,72,79,68,Medium / Medium
Marc Muniesa,Centre-Back,Spain,25,Girona FC,"4,00 Mill. ","3,00 Mill. ",10,0,647,647,0.1,1,,http://www.futhead.com/18/players/?name=Marc Muniesa&sort=vote_sum&bin_platform=ps,76,58,43,64,67,76,72,Medium / Medium
Guilherme,Defensive Midfield,Brazil,26,Deportivo de La Coruña,"4,00 Mill. ","4,00 Mill. ",30,1,2281,1.141,0.07,2,,http://www.futhead.com/18/players/?name=Guilherme&sort=vote_sum&bin_platform=ps,77,79,33,53,60,77,83,Low / High
Alexander Szymanowski,Left Wing,Argentina,29,CD Leganés,"4,00 Mill. ","5,00 Mill. ",28,2,2039,255,0.29,8,,http://www.futhead.com/18/players/?name=Alexander Szymanowski&sort=vote_sum&bin_platform=ps,78,88,72,72,77,39,62,High / Medium
Enis Bardhi,Attacking Midfield,Macedonia,22,Levante UD,"5,00 Mill. ","1,50 Mill. ",29,7,2111,176,0.41,12,,http://www.futhead.com/18/players/?name=Enis Bardhi&sort=vote_sum&bin_platform=ps,74,72,69,72,77,33,56,High / Medium
Mikel Balenziaga,Left-Back,Spain,29,Athletic Bilbao,"5,00 Mill. ","5,00 Mill. ",33,1,2851,2.851,0.03,1,,http://www.futhead.com/18/players/?name=Mikel Balenziaga&sort=vote_sum&bin_platform=ps,79,75,49,71,71,78,77,High / Medium
Jonathan Calleri,Centre-Forward,Argentina,24,UD Las Palmas,"5,00 Mill. ","5,00 Mill. ",16,0,531,531,0.0625,1,,http://www.futhead.com/18/players/?name=Jonathan Calleri&sort=vote_sum&bin_platform=ps,75,74,73,61,75,39,70,High / Medium
Thomas Vermaelen,Centre-Back,Belgium,32,FC Barcelona,"5,00 Mill. ","3,00 Mill. ",9,0,388,,0,0,,http://www.futhead.com/18/players/?name=Thomas Vermaelen&sort=vote_sum&bin_platform=ps,78,68,61,67,60,76,74,High / Medium
Pablo Maffeo,Right-Back,Spain,20,Girona FC,"5,00 Mill. ",500 Th. ,14,1,1112,1112,0.071,1,,http://www.futhead.com/18/players/?name=Pablo Maffeo&sort=vote_sum&bin_platform=ps,78,85,62,75,80,80,74,Medium / Medium
Achraf Hakimi,Right-Back,Morocco,19,Real Madrid,"5,00 Mill. ",300 Th. ,28,8,2304,2304,0.035,1,,http://www.futhead.com/18/players/?name=Achraf Hakimi&sort=vote_sum&bin_platform=ps,70,77,59,65,69,64,70,High / Medium
Gabriel Mercado,Right-Back,Argentina,30,Sevilla FC,"5,00 Mill. ","5,00 Mill. ",29,1,2186,729,0.1,3,,http://www.futhead.com/18/players/?name=Gabriel Mercado&sort=vote_sum&bin_platform=ps,76,75,54,64,60,75,81,Medium / Medium
Rúben Vezo,Centre-Back,Portugal,23,Valencia CF,"4,00 Mill. ","1,50 Mill. ",18,0,1489,,0,0,,http://www.futhead.com/18/players/?name=Rúben Vezo&sort=vote_sum&bin_platform=ps,74,64,49,59,55,75,72,Medium / Medium
Fernando Torres,Centre-Forward,Spain,33,Atlético Madrid,"4,00 Mill. ","4,00 Mill. ",31,6,1416,177,0.26,8,,http://www.futhead.com/18/players/?name=Fernando Torres&sort=vote_sum&bin_platform=ps,81,76,78,71,78,25,69,Medium / Medium
Augusto Fernández,Central Midfield,Argentina,31,Atlético Madrid,"4,00 Mill. ","4,00 Mill. ",3,0,143,,0,0,,http://www.futhead.com/18/players/?name=Augusto Fernández&sort=vote_sum&bin_platform=ps,80,69,70,77,79,68,75,Medium / Medium
Florin Andone,Centre-Forward,Romania,24,Deportivo de La Coruña,"4,00 Mill. ","5,00 Mill. ",37,3,2901,242,0.32,12,,http://www.futhead.com/18/players/?name=Florin Andone&sort=vote_sum&bin_platform=ps,79,78,78,62,75,45,80,High / High
Gustavo Cabral,Centre-Back,Argentina,32,Celta de Vigo,"4,00 Mill. ","4,00 Mill. ",25,1,2179,1.09,0.08,2,,http://www.futhead.com/18/players/?name=Gustavo Cabral&sort=vote_sum&bin_platform=ps,80,42,31,56,57,81,78,Medium / Medium
Javi García,Defensive Midfield,Spain,30,Real Betis Balompié,"4,00 Mill. ","5,00 Mill. ",22,0,1923,1923,0.04,1,,http://www.futhead.com/18/players/?name=Javi García&sort=vote_sum&bin_platform=ps,78,65,63,67,68,77,81,Medium / High
Joan Jordán,Central Midfield,Spain,23,SD Eibar,"3,50 Mill. ","1,00 Mill. ",,,,,,,,http://www.futhead.com/18/players/?name=Joan Jordán&sort=vote_sum&bin_platform=ps,70,61,61,69,68,57,67,Medium / Medium
Roberto Rosales,Right-Back,Venezuela,29,Málaga CF,"3,50 Mill. ","5,00 Mill. ",32,2,2861,2.861,0.03,1,,http://www.futhead.com/18/players/?name=Roberto Rosales&sort=vote_sum&bin_platform=ps,81,81,67,78,84,78,77,High / Medium
Takashi Inui,Left Wing,Japan,29,SD Eibar,"3,50 Mill. ","3,00 Mill. ",28,4,2089,696,0.11,3,,http://www.futhead.com/18/players/?name=Takashi Inui&sort=vote_sum&bin_platform=ps,82,88,76,79,91,44,66,Medium / Medium
Adrián López,Centre-Forward,Spain,29,Deportivo de La Coruña,"3,50 Mill. ","3,50 Mill. ",15,1,676,338,0.13,2,,http://www.futhead.com/18/players/?name=Adrián López&sort=vote_sum&bin_platform=ps,75,66,73,67,80,27,63,Medium / Medium
Jozabed Sánchez,Central Midfield,Spain,26,Celta de Vigo,"3,50 Mill. ","3,50 Mill. ",19,2,1093,547,0.11,2,,http://www.futhead.com/18/players/?name=Jozabed Sánchez&sort=vote_sum&bin_platform=ps,77,66,72,72,74,66,65,Medium / Medium
Iago Herrerín,Keeper,Spain,29,Athletic Bilbao,"3,00 Mill. ","3,00 Mill. ",21,0,1827,,0,0,7,http://www.futhead.com/18/players/?name=Iago Herrerín&sort=vote_sum&bin_platform=ps,76,76,83,66,73,45,75,No
Jon Bautista,Centre-Forward,Spain,22,Real Sociedad,"3,00 Mill. ","5,00 Mill. ",12,0,304,101,0.25,3,,http://www.futhead.com/18/players/?name=Jon Bautista&sort=vote_sum&bin_platform=ps,70,62,75,54,67,23,48,Medium / Medium
Xabi Prieto,Central Midfield,Spain,34,Real Sociedad,"3,00 Mill. ","3,00 Mill. ",38,5,2824,353,0.21,8,,http://www.futhead.com/18/players/?name=Xabi Prieto&sort=vote_sum&bin_platform=ps,79,48,75,84,75,46,58,Medium / Medium
Gabi,Central Midfield,Spain,34,Atlético Madrid,"3,00 Mill. ","3,00 Mill. ",34,0,2896,,0,0,,http://www.futhead.com/18/players/?name=Gabi&sort=vote_sum&bin_platform=ps,81,64,72,79,76,75,73,Medium / High
David Zurutuza,Central Midfield,Spain,31,Real Sociedad,"3,00 Mill. ","3,00 Mill. ",31,1,2504,835,0.1,3,,http://www.futhead.com/18/players/?name=David Zurutuza&sort=vote_sum&bin_platform=ps,79,68,72,76,77,71,72,Medium / Medium
Emre Colak,Attacking Midfield,Turkey,26,Deportivo de La Coruña,"4,00 Mill. ","7,50 Mill. ",33,9,2475,825,0.09,3,,http://www.futhead.com/18/players/?name=Emre Colak&sort=vote_sum&bin_platform=ps,79,73,75,78,81,44,48,Medium / Medium
Sergio Canales,Attacking Midfield,Spain,26,Real Sociedad,"4,00 Mill. ","3,00 Mill. ",31,4,989,,0,0,,http://www.futhead.com/18/players/?name=Sergio Canales&sort=vote_sum&bin_platform=ps,82,67,77,85,83,30,55,High / Medium
Leo Baptistão,Centre-Forward,Brazil,25,RCD Espanyol Barcelona,"4,00 Mill. ","4,00 Mill. ",21,6,1427,238,0.29,6,,http://www.futhead.com/18/players/?name=Leo Baptistão&sort=vote_sum&bin_platform=ps,80,79,77,69,79,28,64,Medium / Medium
Recio,Central Midfield,Spain,26,Málaga CF,"3,50 Mill. ","3,50 Mill. ",18,2,1358,453,0.17,3,,http://www.futhead.com/18/players/?name=Recio&sort=vote_sum&bin_platform=ps,77,56,66,75,73,72,73,Medium / Medium
Andreu Fontàs,Centre-Back,Spain,28,Celta de Vigo,"3,50 Mill. ","2,50 Mill. ",17,1,1462,1.462,0.06,1,,http://www.futhead.com/18/players/?name=Andreu Fontàs&sort=vote_sum&bin_platform=ps,78,31,48,67,61,79,67,Medium / Medium
Ganso,Attacking Midfield,Brazil,28,Sevilla FC,"3,50 Mill. ","5,00 Mill. ",10,1,485,243,0.2,2,,http://www.futhead.com/18/players/?name=Ganso&sort=vote_sum&bin_platform=ps,80,35,75,84,80,38,63,Medium / Low
Alfonso Pedraza,Left Wing,Spain,21,Deportivo Alavés,"3,50 Mill. ","1,00 Mill. ",23,8,1823,304,0.26,6,,http://www.futhead.com/18/players/?name=Alfonso Pedraza&sort=vote_sum&bin_platform=ps,72,77,69,66,74,47,62,Medium / Medium
Paulo Oliveira,Centre-Back,Portugal,25,SD Eibar,"3,00 Mill. ","4,00 Mill. ",13,0,917,,0,0,,http://www.futhead.com/18/players/?name=Paulo Oliveira&sort=vote_sum&bin_platform=ps,78,68,35,50,62,79,79,Medium / High
Ibai Gómez,Left Wing,Spain,28,Deportivo Alavés,"3,00 Mill. ","2,00 Mill. ",29,3,1828,366,0.17,5,,http://www.futhead.com/18/players/?name=Ibai Gómez&sort=vote_sum&bin_platform=ps,81,81,83,83,86,57,73,High / Medium
Pedro Bigas,Centre-Back,Spain,27,UD Las Palmas,"3,00 Mill. ","5,00 Mill. ",32,1,2651,663,0.13,4,,http://www.futhead.com/18/players/?name=Pedro Bigas&sort=vote_sum&bin_platform=ps,78,72,52,60,56,78,76,High / High
David Soria,Keeper,Spain,24,Sevilla FC,"3,00 Mill. ","1,50 Mill. ",1,0,90,,0,0,1,http://www.futhead.com/18/players/?name=David Soria&sort=vote_sum&bin_platform=ps,73,76,67,58,71,49,78,No
Olarenwaju Kayode,Centre-Forward,Nigeria,24,Girona FC,"3,00 Mill. ","4,00 Mill. ",33,4,2407,142,0.51,17,,http://www.futhead.com/18/players/?name=Olarenwaju Kayode&sort=vote_sum&bin_platform=ps,73,92,70,57,74,36,60,Medium / Medium
Vicente Gómez,Defensive Midfield,Spain,29,UD Las Palmas,"3,00 Mill. ","3,50 Mill. ",29,1,2321,1.161,0.07,2,,http://www.futhead.com/18/players/?name=Vicente Gómez&sort=vote_sum&bin_platform=ps,79,46,62,74,71,75,71,Medium / Medium
Zouhair Feddal,Centre-Back,Morocco,28,Real Betis Balompié,"3,00 Mill. ","3,00 Mill. ",27,1,2245,1.123,0.07,2,,http://www.futhead.com/18/players/?name=Zouhair Feddal&sort=vote_sum&bin_platform=ps,77,55,49,58,58,78,76,Medium / Medium
Fabian Schär,Centre-Back,Switzerland,26,Deportivo de La Coruña,"3,00 Mill. ","2,50 Mill. ",6,0,282,,0,0,,http://www.futhead.com/18/players/?name=Fabian Schär&sort=vote_sum&bin_platform=ps,75,56,63,70,67,74,75,High / Medium
Kévin Rodrigues,Left-Back,Portugal,23,Real Sociedad,"3,00 Mill. ","1,00 Mill. ",2,0,103,,0,0,,http://www.futhead.com/18/players/?name=Kévin Rodrigues&sort=vote_sum&bin_platform=ps,70,74,44,64,60,68,52,Medium / Medium
Rubén Pardo,Central Midfield,Spain,25,Real Sociedad,"3,00 Mill. ","4,00 Mill. ",16,0,1272,1.272,0.06,1,,http://www.futhead.com/18/players/?name=Rubén Pardo&sort=vote_sum&bin_platform=ps,79,67,68,78,78,61,60,Medium / Medium
Denis Cheryshev,Left Wing,Russia,27,Villarreal CF,"3,00 Mill. ","3,00 Mill. ",11,0,33,,0,0,,http://www.futhead.com/18/players/?name=Denis Cheryshev&sort=vote_sum&bin_platform=ps,79,80,74,75,79,56,70,High / Low
Rodrigo Ely,Centre-Back,Brazil,24,Deportivo Alavés,"3,00 Mill. ","3,00 Mill. ",10,0,788,788,0.1,1,,http://www.futhead.com/18/players/?name=Rodrigo Ely&sort=vote_sum&bin_platform=ps,74,68,26,38,53,75,78,Medium / High
Adrián González,Central Midfield,Spain,29,Málaga CF,"3,00 Mill. ","3,00 Mill. ",28,1,1531,219,0.25,7,,http://www.futhead.com/18/players/?name=Adrián González&sort=vote_sum&bin_platform=ps,76,62,70,75,76,64,67,High / Low
Bruno Soriano,Defensive Midfield,Spain,33,Villarreal CF,"3,00 Mill. ","5,00 Mill. ",34,2,2984,746,0.12,4,,http://www.futhead.com/18/players/?name=Bruno Soriano&sort=vote_sum&bin_platform=ps,84,41,72,79,75,78,77,Medium / High
Sergio Álvarez,Keeper,Spain,31,Celta de Vigo,"2,50 Mill. ","5,00 Mill. ",26,0,2340,,0,0,5,http://www.futhead.com/18/players/?name=Sergio Álvarez&sort=vote_sum&bin_platform=ps,77,77,72,75,80,44,78,No
Pedro León,Right Wing,Spain,31,SD Eibar,"2,50 Mill. ","5,00 Mill. ",37,6,3011,301,0.27,10,,http://www.futhead.com/18/players/?name=Pedro León&sort=vote_sum&bin_platform=ps,80,67,76,83,81,40,62,High / Low
Tana,Attacking Midfield,Spain,27,UD Las Palmas,"3,00 Mill. ","3,50 Mill. ",32,4,2211,553,0.13,4,,http://www.futhead.com/18/players/?name=Tana&sort=vote_sum&bin_platform=ps,68,70,66,62,70,35,50,Medium / Low
Lionel Carole,Left-Back,France,26,Sevilla FC,"3,00 Mill. ","3,25 Mill. ",25,3,2198,,0,0,,http://www.futhead.com/18/players/?name=Lionel Carole&sort=vote_sum&bin_platform=ps,74,83,40,65,73,71,77,High / Medium
Joel Campbell,Right Wing,Costa Rica,25,Real Betis Balompié,"3,00 Mill. ","6,00 Mill. ",19,4,760,253,0.157,3,,http://www.futhead.com/18/players/?name=Joel Campbell&sort=vote_sum&bin_platform=ps,77,85,73,73,78,42,71,High / Medium
Nordin Amrabat,Right Wing,Morocco,30,CD Leganés,"3,00 Mill. ","4,50 Mill. ",29,3,2100,,0,0,,http://www.futhead.com/18/players/?name=Nordin Amrabat&sort=vote_sum&bin_platform=ps,79,81,75,76,81,57,72,High / Medium
Facundo Roncaglia,Centre-Back,Argentina,30,Celta de Vigo,"3,00 Mill. ","5,00 Mill. ",32,0,2716,1.358,0.06,2,,http://www.futhead.com/18/players/?name=Facundo Roncaglia&sort=vote_sum&bin_platform=ps,77,67,53,68,64,78,72,Medium / High
Pau López,Keeper,Spain,23,RCD Espanyol Barcelona,"3,00 Mill. ","1,50 Mill. ",,,,,,,,http://www.futhead.com/18/players/?name=Pau López&sort=vote_sum&bin_platform=ps,,,,,,,,
Raúl Navas,Centre-Back,Spain,29,Real Sociedad,"3,00 Mill. ","5,00 Mill. ",32,1,2798,2.798,0.03,1,,http://www.futhead.com/18/players/?name=Raúl Navas&sort=vote_sum&bin_platform=ps,78,53,45,59,48,79,70,Medium / Medium
Claudio Beauvue,Centre-Forward,Guadeloupe,29,CD Leganés,"3,00 Mill. ","3,00 Mill. ",13,2,652,652,0.08,1,,http://www.futhead.com/18/players/?name=Claudio Beauvue&sort=vote_sum&bin_platform=ps,74,70,72,68,72,44,58,Medium / Low
Marko Dmitrovic,Keeper,Serbia,25,SD Eibar,"2,50 Mill. ","1,00 Mill. ",,,,,,,,http://www.futhead.com/18/players/?name=Marko Dmitrovic&sort=vote_sum&bin_platform=ps,,,,,,,,
Alen Halilovic,Attacking Midfield,Croatia,21,UD Las Palmas,"2,50 Mill. ","4,00 Mill. ",18,2,645,,0,0,,http://www.futhead.com/18/players/?name=Alen Halilovic&sort=vote_sum&bin_platform=ps,77,76,64,76,80,28,44,High / Low
Kike,Centre-Forward,Spain,28,SD Eibar,"2,50 Mill. ","3,00 Mill. ",24,3,1538,220,0.29,7,,http://www.futhead.com/18/players/?name=Kike&sort=vote_sum&bin_platform=ps,76,70,74,59,71,32,75,Medium / Medium
Gonzalo Escalante,Central Midfield,Argentina,24,SD Eibar,"2,50 Mill. ","5,00 Mill. ",30,3,2019,1.01,0.07,2,,http://www.futhead.com/18/players/?name=Gonzalo Escalante&sort=vote_sum&bin_platform=ps,78,67,61,69,72,77,79,Medium / High
Xabier Etxeita,Centre-Back,Spain,30,Athletic Bilbao,"2,50 Mill. ","2,50 Mill. ",10,0,711,,0,0,,http://www.futhead.com/18/players/?name=Xabier Etxeita&sort=vote_sum&bin_platform=ps,78,52,35,48,57,78,81,Low / Medium
Rubén Blanco,Keeper,Spain,22,Celta de Vigo,"2,50 Mill. ","1,50 Mill. ",11,0,990,,0,0,2,http://www.futhead.com/18/players/?name=Rubén Blanco&sort=vote_sum&bin_platform=ps,75,79,74,69,71,54,75,No
Adalberto Peñaranda,Centre-Forward,Venezuela,20,Málaga CF,"2,50 Mill. ","3,00 Mill. ",,,,,,,,http://www.futhead.com/18/players/?name=Adalberto Peñaranda&sort=vote_sum&bin_platform=ps,75,82,73,68,80,34,65,High / Medium
Álex Granell,Central Midfield,Spain,29,Girona FC,"2,50 Mill. ","1,00 Mill. ",,,,,,,,http://www.futhead.com/18/players/?name=Álex Granell&sort=vote_sum&bin_platform=ps,73,65,70,75,72,60,67,Medium / Medium
José Luis Morales,Left Wing,Spain,30,Levante UD,"2,50 Mill. ","2,00 Mill. ",,,,,,,,http://www.futhead.com/18/players/?name=José Luis Morales&sort=vote_sum&bin_platform=ps,78,88,75,71,80,51,60,Medium / Medium
Jaume Doménech,Keeper,Spain,27,Valencia CF,"2,50 Mill. ","2,50 Mill. ",3,0,270,,0,0,1,http://www.futhead.com/18/players/?name=Jaume Doménech&sort=vote_sum&bin_platform=ps,75,74,73,70,79,58,72,No
Paul Baysse,Centre-Back,France,29,Málaga CF,"2,50 Mill. ","3,50 Mill. ",,,,,,,,http://www.futhead.com/18/players/?name=Paul Baysse&sort=vote_sum&bin_platform=ps,78,65,46,66,64,78,80,Medium / Medium
Dimitrios Siovas,Centre-Back,Greece,29,CD Leganés,"2,50 Mill. ","3,00 Mill. ",16,0,1392,1.392,0.06,1,,http://www.futhead.com/18/players/?name=Dimitrios Siovas&sort=vote_sum&bin_platform=ps,75,39,44,55,62,76,83,Medium / High
José Manuel Jurado,Attacking Midfield,Spain,31,RCD Espanyol Barcelona,"2,50 Mill. ","2,50 Mill. ",31,4,2459,820,0.1,3,,http://www.futhead.com/18/players/?name=José Manuel Jurado&sort=vote_sum&bin_platform=ps,79,70,76,80,81,29,56,Medium / Low
Borja García,Attacking Midfield,Spain,27,Girona FC,"2,50 Mill. ","1,50 Mill. ",,,,,,,,http://www.futhead.com/18/players/?name=Borja García&sort=vote_sum&bin_platform=ps,73,78,69,71,73,59,65,High / Medium
Dani Castellano,Left-Back,Spain,30,UD Las Palmas,"2,50 Mill. ","4,00 Mill. ",27,2,2110,,0,0,,http://www.futhead.com/18/players/?name=Dani Castellano&sort=vote_sum&bin_platform=ps,75,76,51,69,73,71,77,High / Medium
Keko,Right Wing,Spain,26,Málaga CF,"2,50 Mill. ","3,00 Mill. ",22,3,1052,,0,0,,http://www.futhead.com/18/players/?name=Keko&sort=vote_sum&bin_platform=ps,79,79,69,78,80,43,64,Medium / High
Sergi Samper,Defensive Midfield,Spain,22,UD Las Palmas,"2,50 Mill. ","3,50 Mill. ",22,1,1268,,0,0,,http://www.futhead.com/18/players/?name=Sergi Samper&sort=vote_sum&bin_platform=ps,73,46,46,72,68,66,64,Medium / Medium
Javier Ontiveros,Right Wing,Spain,20,Málaga CF,"2,50 Mill. ","3,00 Mill. ",18,3,825,413,0.11,2,,http://www.futhead.com/18/players/?name=Javier Ontiveros&sort=vote_sum&bin_platform=ps,71,72,68,70,74,25,40,Medium / Low
Jordi Amat,Centre-Back,Spain,25,Real Betis Balompié,"2,50 Mill. ","2,50 Mill. ",17,0,1407,,0,0,,http://www.futhead.com/18/players/?name=Jordi Amat&sort=vote_sum&bin_platform=ps,77,68,48,53,58,76,76,Low / High
Damián Suárez,Right-Back,Uruguay,29,Getafe CF,"2,50 Mill. ","2,50 Mill. ",,,,,,,,http://www.futhead.com/18/players/?name=Damián Suárez&sort=vote_sum&bin_platform=ps,74,81,66,66,66,69,78,High / Medium
Bojan Krkic,Secondary Striker,Spain,27,Deportivo Alavés,"2,50 Mill. ","5,00 Mill. ",,,,,,,,http://www.futhead.com/18/players/?name=Bojan Krkic&sort=vote_sum&bin_platform=ps,79,76,72,76,78,24,47,High / Low
Mauro Arambarri,Central Midfield,Uruguay,22,Getafe CF,"2,50 Mill. ","1,50 Mill. ",,,,,,,,http://www.futhead.com/18/players/?name=Mauro Arambarri&sort=vote_sum&bin_platform=ps,68,57,48,66,68,64,66,Medium / Medium
Vicente Guaita,Keeper,Spain,30,Getafe CF,"2,50 Mill. ","1,80 Mill. ",,,,,,,,http://www.futhead.com/18/players/?name=Vicente Guaita&sort=vote_sum&bin_platform=ps,,,,,,,,
Bono,Keeper,Morocco,26,Girona FC,"2,00 Mill. ","1,00 Mill. ",,,,,,,,http://www.futhead.com/18/players/?name=Bono&sort=vote_sum&bin_platform=ps,,,,,,,,
Ximo Navarro,Centre-Back,Spain,27,UD Las Palmas,"2,00 Mill. ","2,00 Mill. ",,,,,,,,http://www.futhead.com/18/players/?name=Ximo Navarro&sort=vote_sum&bin_platform=ps,75,78,47,65,67,74,77,Medium / Medium
Johan Mojica,Left-Back,Colombia,25,Girona FC,"2,00 Mill. ","1,00 Mill. ",,,,,,,,http://www.futhead.com/18/players/?name=Johan Mojica&sort=vote_sum&bin_platform=ps,70,91,61,67,70,62,71,High / Medium
Nabil El Zhar,Right Wing,Morocco,31,CD Leganés,"2,00 Mill. ","2,00 Mill. ",26,4,2032,508,0.15,4,,http://www.futhead.com/18/players/?name=Nabil El Zhar&sort=vote_sum&bin_platform=ps,75,74,73,71,78,34,62,Medium / Low
Jefferson Montero,Left Wing,Ecuador,28,Getafe CF,"2,00 Mill. ","4,50 Mill. ",13,1,373,,0,0,,http://www.futhead.com/18/players/?name=Jefferson Montero&sort=vote_sum&bin_platform=ps,78,90,68,73,81,31,65,High / High
Pedro Mosquera,Central Midfield,Spain,29,Deportivo de La Coruña,"2,00 Mill. ","4,00 Mill. ",23,0,1555,518,0.13,3,,http://www.futhead.com/18/players/?name=Pedro Mosquera&sort=vote_sum&bin_platform=ps,78,56,59,75,70,70,75,Medium / Medium
Diego Rico,Left-Back,Spain,24,CD Leganés,"2,00 Mill. ","2,00 Mill. ",25,0,2222,2.222,0.04,1,,http://www.futhead.com/18/players/?name=Diego Rico&sort=vote_sum&bin_platform=ps,76,76,56,69,67,74,78,Medium / Medium
Darko Brasanac,Central Midfield,Serbia,25,CD Leganés,"2,00 Mill. ","4,00 Mill. ",25,1,1628,1.628,0.04,1,,http://www.futhead.com/18/players/?name=Darko Brasanac&sort=vote_sum&bin_platform=ps,73,62,66,69,67,62,73,Medium / High
Álvaro Medrán,Central Midfield,Spain,23,Deportivo Alavés,"2,00 Mill. ","2,50 Mill. ",16,0,946,473,0.13,2,,http://www.futhead.com/18/players/?name=Álvaro Medrán&sort=vote_sum&bin_platform=ps,74,61,68,77,72,63,56,Medium / Medium
Nacho Vidal,Right-Back,Spain,22,Valencia CF,"2,00 Mill. ",300 Th. ,,,,,,,,http://www.futhead.com/18/players/?name=Nacho Vidal&sort=vote_sum&bin_platform=ps,,,,,,,,
Javi Eraso,Attacking Midfield,Spain,27,CD Leganés,"2,00 Mill. ","1,50 Mill. ",,,,,,,,http://www.futhead.com/18/players/?name=Javi Eraso&sort=vote_sum&bin_platform=ps,,,,,,,,
Igor Zubeldia,Central Midfield,Spain,20,Real Sociedad,"2,00 Mill. ",600 Th. ,,,,,,,,http://www.futhead.com/18/players/?name=Igor Zubeldia&sort=vote_sum&bin_platform=ps,70,48,58,68,64,61,66,Medium / Medium
Míchel,Right-Back,Brazil,27,UD Las Palmas,"2,00 Mill. ","2,50 Mill. ",,,,,,,,http://www.futhead.com/18/players/?name=Míchel&sort=vote_sum&bin_platform=ps,76,87,76,75,77,38,78,Medium / Medium
Cala,Centre-Back,Spain,28,Getafe CF,"2,00 Mill. ","1,00 Mill. ",,,,,,,,http://www.futhead.com/18/players/?name=Cala&sort=vote_sum&bin_platform=ps,79,72,82,66,80,24,81,Medium / Medium
Federico Cartabia,Right Wing,Argentina,24,Deportivo de La Coruña,"2,00 Mill. ","1,50 Mill. ",,,,,,,,http://www.futhead.com/18/players/?name=Federico Cartabia&sort=vote_sum&bin_platform=ps,76,78,72,73,79,33,56,High / Medium
Fabián Orellana,Right Wing,Chile,31,SD Eibar,"2,00 Mill. ","3,00 Mill. ",23,3,1771,590,0.13,3,,http://www.futhead.com/18/players/?name=Fabián Orellana&sort=vote_sum&bin_platform=ps,80,80,73,76,83,32,50,High / Medium
Ager Aketxe,Attacking Midfield,Spain,24,Athletic Bilbao,"2,00 Mill. ","1,00 Mill. ",,,,,,,,http://www.futhead.com/18/players/?name=Ager Aketxe&sort=vote_sum&bin_platform=ps,72,66,72,74,72,43,56,Medium / Medium
Ezequiel Muñoz,Centre-Back,Argentina,27,CD Leganés,"2,00 Mill. ","3,00 Mill. ",,,,,,,,http://www.futhead.com/18/players/?name=Ezequiel Muñoz&sort=vote_sum&bin_platform=ps,73,53,29,43,47,74,76,Medium / High
Miguel Ángel Moyà,Keeper,Spain,33,Atlético Madrid,"2,00 Mill. ","2,00 Mill. ",9,0,769,,0,0,5,http://www.futhead.com/18/players/?name=Miguel Ángel Moyà&sort=vote_sum&bin_platform=ps,81,85,78,82,79,46,81,No
Fayçal Fajr,Attacking Midfield,Morocco,29,Getafe CF,"2,00 Mill. ","2,00 Mill. ",,,,,,,,http://www.futhead.com/18/players/?name=Fayçal Fajr&sort=vote_sum&bin_platform=ps,75,67,72,77,76,48,65,Medium / Medium
José Ángel,Left-Back,Spain,28,SD Eibar,"2,00 Mill. ","1,50 Mill. ",,,,,,,,http://www.futhead.com/18/players/?name=José Ángel&sort=vote_sum&bin_platform=ps,68,79,53,66,68,62,55,High / Medium
Nemanja Maksimovic,Central Midfield,Serbia,22,Valencia CF,"2,00 Mill. ","3,00 Mill. ",,,,,,,,http://www.futhead.com/18/players/?name=Nemanja Maksimovic&sort=vote_sum&bin_platform=ps,71,65,64,67,70,61,52,Medium / Medium
David Timor,Defensive Midfield,Spain,28,Girona FC,"2,00 Mill. ","2,00 Mill. ",24,1,1875,938,0.08,2,,http://www.futhead.com/18/players/?name=David Timor&sort=vote_sum&bin_platform=ps,77,52,61,74,67,71,78,Medium / High
Eneko Bóveda,Right-Back,Spain,29,Athletic Bilbao,"2,00 Mill. ","3,00 Mill. ",,,,,,,,http://www.futhead.com/18/players/?name=Eneko Bóveda&sort=vote_sum&bin_platform=ps,76,75,52,66,69,76,70,High / Medium
Zakaria Bakkali,Left Wing,Belgium,21,Deportivo de La Coruña,"1,80 Mill. ","2,00 Mill. ",18,1,274,274,0.06,1,,http://www.futhead.com/18/players/?name=Zakaria Bakkali&sort=vote_sum&bin_platform=ps,72,87,70,65,79,17,38,Medium / Medium
Mauro dos Santos,Centre-Back,Argentina,28,CD Leganés,"1,80 Mill. ","2,00 Mill. ",,,,,,,,http://www.futhead.com/18/players/?name=Mauro dos Santos&sort=vote_sum&bin_platform=ps,75,62,40,56,54,74,77,Medium / Medium
Sergio Postigo,Centre-Back,Spain,29,Levante UD,"1,80 Mill. ","1,50 Mill. ",,,,,,,,http://www.futhead.com/18/players/?name=Sergio Postigo&sort=vote_sum&bin_platform=ps,74,63,41,45,54,74,76,Low / Medium
Manu García,Defensive Midfield,Spain,31,Deportivo Alavés,"1,80 Mill. ","1,50 Mill. ",25,1,1987,662,0.12,3,,http://www.futhead.com/18/players/?name=Manu García&sort=vote_sum&bin_platform=ps,69,74,57,67,76,29,40,High / Medium
David Juncà,Left-Back,Spain,24,SD Eibar,"1,50 Mill. ","1,50 Mill. ",,,,,,,,http://www.futhead.com/18/players/?name=David Juncà&sort=vote_sum&bin_platform=ps,74,81,45,63,69,70,78,High / Medium
Víctor Laguardia,Centre-Back,Spain,28,Deportivo Alavés,"1,50 Mill. ","3,00 Mill. ",26,1,2149,1.075,0.08,2,,http://www.futhead.com/18/players/?name=Víctor Laguardia&sort=vote_sum&bin_platform=ps,76,63,40,53,48,76,82,Medium / High
Borja Lasso,Left Wing,Spain,24,Sevilla FC,"1,50 Mill. ","1,50 Mill. ",,,,,,,,http://www.futhead.com/18/players/?name=Borja Lasso&sort=vote_sum&bin_platform=ps,69,55,67,69,71,40,68,Medium / Medium
Raúl Albentosa,Centre-Back,Spain,29,Deportivo de La Coruña,"1,50 Mill. ","3,00 Mill. ",27,1,2336,2.336,0.04,1,,http://www.futhead.com/18/players/?name=Raúl Albentosa&sort=vote_sum&bin_platform=ps,74,35,47,52,42,74,82,Medium / Medium
Aday,Left-Back,Spain,30,Girona FC,"1,50 Mill. ","1,00 Mill. ",,,,,,,,http://www.futhead.com/18/players/?name=Aday&sort=vote_sum&bin_platform=ps,71,75,50,65,75,60,62,High / Medium
Alejandro Gálvez,Centre-Back,Spain,28,UD Las Palmas,"1,50 Mill. ","2,50 Mill. ",,,,,,,,http://www.futhead.com/18/players/?name=Alejandro Gálvez&sort=vote_sum&bin_platform=ps,77,43,37,60,59,76,82,Medium / Medium
Anaitz Arbilla,Right-Back,Spain,30,SD Eibar,"2,00 Mill. ","1,50 Mill. ",,,,,,,,http://www.futhead.com/18/players/?name=Anaitz Arbilla&sort=vote_sum&bin_platform=ps,74,67,55,68,67,75,79,Medium / High
Sergio García,Centre-Forward,Spain,34,RCD Espanyol Barcelona,"2,00 Mill. ","3,00 Mill. ",,,,,,,,http://www.futhead.com/18/players/?name=Sergio García&sort=vote_sum&bin_platform=ps,78,75,77,73,79,30,64,Medium / Medium
Ivi,Left Wing,Spain,23,Levante UD,"1,80 Mill. ","1,50 Mill. ",,,,,,,,http://www.futhead.com/18/players/?name=Ivi&sort=vote_sum&bin_platform=ps,86,56,89,78,82,44,87,Medium / Medium
Chema,Centre-Back,Spain,25,Levante UD,"1,80 Mill. ","1,50 Mill. ",,,,,,,,http://www.futhead.com/18/players/?name=Chema&sort=vote_sum&bin_platform=ps,74,69,53,56,57,74,74,Medium / High
Markel Bergara,Defensive Midfield,Spain,31,Getafe CF,"1,80 Mill. ","1,50 Mill. ",,,,,,,,http://www.futhead.com/18/players/?name=Markel Bergara&sort=vote_sum&bin_platform=ps,79,57,72,80,70,80,83,Low / High
Oussama Tannane,Right Wing,Morocco,23,UD Las Palmas,"1,50 Mill. ","3,00 Mill. ",,,,,,,,http://www.futhead.com/18/players/?name=Oussama Tannane&sort=vote_sum&bin_platform=ps,74,78,76,68,77,36,71,Medium / Medium
Alexis,Centre-Back,Spain,32,Deportivo Alavés,"1,50 Mill. ","1,50 Mill. ",24,1,1815,908,0.08,2,,http://www.futhead.com/18/players/?name=Alexis&sort=vote_sum&bin_platform=ps,89,86,84,80,89,40,78,High / High
Daniel Torres,Defensive Midfield,Colombia,28,Deportivo Alavés,"1,50 Mill. ","2,00 Mill. ",,,,,,,,http://www.futhead.com/18/players/?name=Daniel Torres&sort=vote_sum&bin_platform=ps,77,58,61,70,72,72,80,Medium / High
Costel Pantilimon,Keeper,Romania,30,Deportivo de La Coruña,"1,50 Mill. ","3,00 Mill. ",2,0,81,,0,0,1,http://www.futhead.com/18/players/?name=Costel Pantilimon&sort=vote_sum&bin_platform=ps,76,73,76,67,77,48,78,No
Michael Krohn-Dehli,Central Midfield,Denmark,34,Sevilla FC,"1,50 Mill. ","1,50 Mill. ",,,,,,,,http://www.futhead.com/18/players/?name=Michael Krohn-Dehli&sort=vote_sum&bin_platform=ps,79,67,75,82,77,64,66,Medium / Medium
Guillermo Maripán,Centre-Back,Chile,23,Deportivo Alavés,"1,50 Mill. ",800 Th. ,,,,,,,,http://www.futhead.com/18/players/?name=Guillermo Maripán&sort=vote_sum&bin_platform=ps,74,54,33,48,47,73,78,Low / High
Jefferson Lerma,Defensive Midfield,Colombia,23,Levante UD,"1,50 Mill. ","1,50 Mill. ",,,,,,,,http://www.futhead.com/18/players/?name=Jefferson Lerma&sort=vote_sum&bin_platform=ps,75,77,64,71,73,69,80,Medium / High
Daniel Carriço,Centre-Back,Portugal,29,Sevilla FC,"1,50 Mill. ","2,00 Mill. ",6,0,554,,0,0,,http://www.futhead.com/18/players/?name=Daniel Carriço&sort=vote_sum&bin_platform=ps,80,57,53,68,64,80,78,Medium / Medium
Tomás Pina,Central Midfield,Spain,30,Deportivo Alavés,"1,50 Mill. ","1,50 Mill. ",,,,,,,,http://www.futhead.com/18/players/?name=Tomás Pina&sort=vote_sum&bin_platform=ps,73,61,60,68,71,69,71,Medium / High
Juankar,Left-Back,Spain,27,Málaga CF,"1,50 Mill. ","2,50 Mill. ",28,4,2068,1.034,0.07,2,,http://www.futhead.com/18/players/?name=Juankar&sort=vote_sum&bin_platform=ps,74,77,63,69,75,67,69,Medium / Medium
Mikel Rico,Central Midfield,Spain,33,Athletic Bilbao,"1,50 Mill. ","2,00 Mill. ",18,0,468,468,0.06,1,,http://www.futhead.com/18/players/?name=Mikel Rico&sort=vote_sum&bin_platform=ps,74,53,63,70,68,70,75,Medium / Medium
Esteban Granero,Central Midfield,Spain,30,RCD Espanyol Barcelona,"1,50 Mill. ","2,00 Mill. ",19,1,690,,0,0,,http://www.futhead.com/18/players/?name=Esteban Granero&sort=vote_sum&bin_platform=ps,78,57,72,82,77,65,63,Medium / Medium
Sabin Merino,Left Wing,Spain,25,Athletic Bilbao,"1,50 Mill. ","2,00 Mill. ",13,2,436,436,0.08,1,,http://www.futhead.com/18/players/?name=Sabin Merino&sort=vote_sum&bin_platform=ps,75,77,72,68,75,43,61,Medium / Medium
Gaku Shibasaki,Central Midfield,Japan,25,Getafe CF,"1,50 Mill. ","2,00 Mill. ",12,2,768,768,0.08,1,,http://www.futhead.com/18/players/?name=Gaku Shibasaki&sort=vote_sum&bin_platform=ps,75,71,65,74,76,70,65,High / Medium
David Lombán,Centre-Back,Spain,30,SD Eibar,"1,50 Mill. ","2,50 Mill. ",21,0,1840,1.84,0.05,1,,http://www.futhead.com/18/players/?name=David Lombán&sort=vote_sum&bin_platform=ps,75,36,59,64,57,75,79,Medium / Medium
Bebé,Left Wing,Portugal,27,SD Eibar,"1,50 Mill. ","2,50 Mill. ",20,3,681,227,0.15,3,,http://www.futhead.com/18/players/?name=Bebé&sort=vote_sum&bin_platform=ps,74,83,73,69,74,28,78,Medium / Low
Diego González,Centre-Back,Spain,22,Málaga CF,"1,50 Mill. ","1,50 Mill. ",3,0,31,,0,0,,http://www.futhead.com/18/players/?name=Diego González&sort=vote_sum&bin_platform=ps,73,68,28,57,53,73,75,Medium / Medium
Mario Hermoso,Centre-Back,Spain,22,RCD Espanyol Barcelona,"1,50 Mill. ",400 Th. ,,,,,,,,http://www.futhead.com/18/players/?name=Mario Hermoso&sort=vote_sum&bin_platform=ps,72,85,39,61,66,69,74,Medium / Medium
Jonás Ramalho,Centre-Back,Spain,24,Girona FC,"1,50 Mill. ","1,50 Mill. ",,,,,,,,http://www.futhead.com/18/players/?name=Jonás Ramalho&sort=vote_sum&bin_platform=ps,74,74,35,56,54,74,73,Medium / Medium
Luisinho,Left-Back,Portugal,32,Deportivo de La Coruña,"1,50 Mill. ","1,80 Mill. ",26,2,1907,,0,0,,http://www.futhead.com/18/players/?name=Luisinho&sort=vote_sum&bin_platform=ps,77,70,53,73,76,76,65,High / Medium
Toño,Left-Back,Spain,28,Levante UD,"1,50 Mill. ","1,50 Mill. ",,,,,,,,http://www.futhead.com/18/players/?name=Toño&sort=vote_sum&bin_platform=ps,74,82,54,71,74,67,66,High / Medium
Imanol Agirretxe,Centre-Forward,Spain,30,Real Sociedad,"1,50 Mill. ","2,00 Mill. ",,,,,,,,http://www.futhead.com/18/players/?name=Imanol Agirretxe&sort=vote_sum&bin_platform=ps,76,43,76,61,72,46,65,Medium / Medium
Iván Alejo,Right Wing,Spain,22,SD Eibar,"1,50 Mill. ",300 Th. ,28,1,1431,1431,0.0357,1,,http://www.futhead.com/18/players/?name=Iván Alejo&sort=vote_sum&bin_platform=ps,68,80,57,63,70,43,61,Medium / Medium
Jony,Left Wing,Spain,26,Málaga CF,"1,50 Mill. ","2,50 Mill. ",24,1,1250,625,0.08,2,,http://www.futhead.com/18/players/?name=Jony&sort=vote_sum&bin_platform=ps,78,84,72,76,77,46,66,High / Medium
José Naranjo,Left Wing,Spain,23,CD Leganés,"1,50 Mill. ","2,00 Mill. ",4,0,0,,0,0,,http://www.futhead.com/18/players/?name=José Naranjo&sort=vote_sum&bin_platform=ps,,,,,,,,
Burgui,Left Wing,Spain,24,Deportivo Alavés,"1,50 Mill. ","3,00 Mill. ",32,4,1992,996,0.06,2,,http://www.futhead.com/18/players/?name=Burgui&sort=vote_sum&bin_platform=ps,75,78,67,70,75,31,60,Medium / Low
Hernán Pérez,Right Wing,Paraguay,28,RCD Espanyol Barcelona,"1,50 Mill. ","3,00 Mill. ",32,0,1792,597,0.09,3,,http://www.futhead.com/18/players/?name=Hernán Pérez&sort=vote_sum&bin_platform=ps,79,82,74,73,80,29,72,High / Medium
Rober Pier,Centre-Back,Spain,22,Levante UD,"1,50 Mill. ","1,00 Mill. ",,,,,,,,http://www.futhead.com/18/players/?name=Rober Pier&sort=vote_sum&bin_platform=ps,,,,,,,,
Carles Gil,Right Wing,Spain,25,Deportivo de La Coruña,"1,50 Mill. ","2,50 Mill. ",23,4,1410,1.41,0.04,1,,http://www.futhead.com/18/players/?name=Carles Gil&sort=vote_sum&bin_platform=ps,78,70,69,78,79,39,55,High / Low
Antonio Luna,Left-Back,Spain,26,Levante UD,"1,50 Mill. ","2,00 Mill. ",26,5,2117,2.117,0.04,1,,http://www.futhead.com/18/players/?name=Antonio Luna&sort=vote_sum&bin_platform=ps,75,73,61,66,70,71,78,Medium / Medium
Charles,Centre-Forward,Brazil,33,SD Eibar,"1,50 Mill. ","1,50 Mill. ",21,1,1135,378,0.14,3,,http://www.futhead.com/18/players/?name=Charles&sort=vote_sum&bin_platform=ps,81,79,78,87,83,65,75,Medium / Medium
Chory Castro,Left Wing,Uruguay,33,Málaga CF,"1,50 Mill. ","1,50 Mill. ",29,3,1792,1.792,0.03,1,,http://www.futhead.com/18/players/?name=Chory Castro&sort=vote_sum&bin_platform=ps,75,72,70,71,80,37,57,Medium / Medium
Federico Ricca,Left-Back,Uruguay,23,Málaga CF,"1,50 Mill. ","2,50 Mill. ",,,,,,,,http://www.futhead.com/18/players/?name=Federico Ricca&sort=vote_sum&bin_platform=ps,74,72,34,59,60,74,71,High / Medium
Christian Santos,Centre-Forward,Venezuela,29,Deportivo Alavés,"1,50 Mill. ","1,50 Mill. ",21,1,827,276,0.14,3,,http://www.futhead.com/18/players/?name=Christian Santos&sort=vote_sum&bin_platform=ps,73,62,75,68,69,37,67,Medium / Medium
Francisco Portillo,Attacking Midfield,Spain,27,Getafe CF,"1,50 Mill. ","1,50 Mill. ",,,,,,,,http://www.futhead.com/18/players/?name=Francisco Portillo&sort=vote_sum&bin_platform=ps,72,67,63,72,74,52,60,Medium / Medium
Cheick Doukouré,Defensive Midfield,Cote d'Ivoire,25,Levante UD,"1,50 Mill. ","1,60 Mill. ",,,,,,,,http://www.futhead.com/18/players/?name=Cheick Doukouré&sort=vote_sum&bin_platform=ps,72,73,58,65,69,70,77,High / High
Alberto de la Bella,Left-Back,Spain,32,Real Sociedad,"1,20 Mill. ","1,20 Mill. ",,,,,,,,http://www.futhead.com/18/players/?name=Alberto de la Bella&sort=vote_sum&bin_platform=ps,75,60,52,69,69,78,68,High / Medium
Jason,Right Wing,Spain,23,Levante UD,"1,20 Mill. ","1,00 Mill. ",,,,,,,,http://www.futhead.com/18/players/?name=Jason&sort=vote_sum&bin_platform=ps,74,75,42,57,65,74,73,Medium / Medium
Axel Werner,Keeper,Argentina,21,Atlético Madrid,"1,00 Mill. ","1,00 Mill. ",2,0,180,,0,0,0,http://www.futhead.com/18/players/?name=Axel Werner&sort=vote_sum&bin_platform=ps,69,78,67,74,70,41,64,No
Fran Rico,Central Midfield,Spain,30,SD Eibar,"1,00 Mill. ","2,50 Mill. ",17,1,1226,613,0.12,2,,http://www.futhead.com/18/players/?name=Fran Rico&sort=vote_sum&bin_platform=ps,76,58,66,76,70,70,71,Medium / Medium
Nicolás Pareja,Centre-Back,Argentina,33,Sevilla FC,"1,00 Mill. ","1,00 Mill. ",27,1,2165,2.165,0.04,1,,http://www.futhead.com/18/players/?name=Nicolás Pareja&sort=vote_sum&bin_platform=ps,79,38,60,70,66,79,69,Medium / Medium
Sasa Lukic,Central Midfield,Serbia,21,Levante UD,"1,00 Mill. ","2,20 Mill. ",,,,,,,,http://www.futhead.com/18/players/?name=Sasa Lukic&sort=vote_sum&bin_platform=ps,70,72,60,70,73,65,65,Medium / Medium
Mitchell Langerak,Keeper,Australia,29,Levante UD,"1,00 Mill. ","1,50 Mill. ",,,,,,,,http://www.futhead.com/18/players/?name=Mitchell Langerak&sort=vote_sum&bin_platform=ps,,,,,,,,
Diego López,Keeper,Spain,36,RCD Espanyol Barcelona,"1,00 Mill. ","1,00 Mill. ",35,0,3113,,0,0,11,http://www.futhead.com/18/players/?name=Diego López&sort=vote_sum&bin_platform=ps,83,77,84,76,80,34,83,No
Roger Martí,Centre-Forward,Spain,26,Levante UD,"1,50 Mill. ","2,50 Mill. ",,,,,,,,http://www.futhead.com/18/players/?name=Roger Martí&sort=vote_sum&bin_platform=ps,76,81,75,61,74,30,72,High / Medium
Emmanuel Boateng,Centre-Forward,Ghana,21,Levante UD,"1,50 Mill. ","2,00 Mill. ",,,,,,,,http://www.futhead.com/18/players/?name=Emmanuel Boateng&sort=vote_sum&bin_platform=ps,72,81,69,56,74,34,72,High / High
Robert Ibáñez,Right Wing,Spain,24,Valencia CF,"1,50 Mill. ","1,50 Mill. ",5,1,167,84,0.4,2,,http://www.futhead.com/18/players/?name=Robert Ibáñez&sort=vote_sum&bin_platform=ps,72,76,67,70,75,47,50,High / Medium
Rubén Martínez,Keeper,Spain,33,Deportivo de La Coruña,"1,50 Mill. ",900 Th. ,,,,,,,,http://www.futhead.com/18/players/?name=Rubén Martínez&sort=vote_sum&bin_platform=ps,,,,,,,,
Yoel Rodríguez,Keeper,Spain,29,SD Eibar,"1,50 Mill. ","2,50 Mill. ",,,,,,,,http://www.futhead.com/18/players/?name=Yoel Rodríguez&sort=vote_sum&bin_platform=ps,,,,,,,,
Omar,Right Wing,Spain,29,CD Leganés,"1,20 Mill. ","1,50 Mill. ",,,,,,,,http://www.futhead.com/18/players/?name=Omar&sort=vote_sum&bin_platform=ps,78,73,79,68,73,40,77,High / Low
Miguel Ángel Guerrero,Centre-Forward,Spain,27,CD Leganés,"1,20 Mill. ","1,50 Mill. ",31,1,2146,429,0.16,5,,http://www.futhead.com/18/players/?name=Miguel Ángel Guerrero&sort=vote_sum&bin_platform=ps,74,70,73,61,68,36,68,High / Medium
Aleksandar Katai,Right Wing,Serbia,26,Deportivo Alavés,"1,00 Mill. ","2,00 Mill. ",20,3,770,257,0.15,3,,http://www.futhead.com/18/players/?name=Aleksandar Katai&sort=vote_sum&bin_platform=ps,74,65,74,73,78,36,64,Medium / Low
Alin Tosca,Left-Back,Romania,25,Real Betis Balompié,"1,00 Mill. ","2,00 Mill. ",,,,,,,,http://www.futhead.com/18/players/?name=Alin Tosca&sort=vote_sum&bin_platform=ps,70,73,45,60,58,70,67,Medium / Medium
Esteban Rolón,Defensive Midfield,Argentina,22,Málaga CF,"1,00 Mill. ",75 Th. ,,,,,,,,http://www.futhead.com/18/players/?name=Esteban Rolón&sort=vote_sum&bin_platform=ps,,,,,,,,
Tito,Right-Back,Spain,32,CD Leganés,"1,00 Mill. ","2,50 Mill. ",,,,,,,,http://www.futhead.com/18/players/?name=Tito&sort=vote_sum&bin_platform=ps,73,71,45,65,68,71,68,Medium / Medium
Mubarak Wakaso,Central Midfield,Ghana,27,Deportivo Alavés,"1,00 Mill. ","1,00 Mill. ",11,1,869,869,0.09,1,,http://www.futhead.com/18/players/?name=Mubarak Wakaso&sort=vote_sum&bin_platform=ps,75,89,64,71,74,63,78,High / High
Antonio Rukavina,Right-Back,Serbia,33,Villarreal CF,"1,00 Mill. ","1,50 Mill. ",,,,,,,,http://www.futhead.com/18/players/?name=Antonio Rukavina&sort=vote_sum&bin_platform=ps,77,74,48,69,68,76,72,High / Medium
Sergio Sánchez,Centre-Back,Spain,31,RCD Espanyol Barcelona,"1,00 Mill. ","1,00 Mill. ",,,,,,,,http://www.futhead.com/18/players/?name=Sergio Sánchez&sort=vote_sum&bin_platform=ps,74,67,52,58,57,74,78,Medium / Medium
Adrián Marín,Left-Back,Spain,20,Villarreal CF,"1,00 Mill. ","1,00 Mill. ",,,,,,,,http://www.futhead.com/18/players/?name=Adrián Marín&sort=vote_sum&bin_platform=ps,73,73,45,63,70,69,72,Medium / Medium
Alex Alegría,Centre-Forward,Spain,25,Levante UD,"1,00 Mill. ","2,00 Mill. ",25,2,1431,477,0.12,3,,http://www.futhead.com/18/players/?name=Alex Alegría&sort=vote_sum&bin_platform=ps,75,57,74,51,70,27,69,Medium / Medium
Javi López,Right-Back,Spain,31,RCD Espanyol Barcelona,"1,00 Mill. ","2,00 Mill. ",,,,,,,,http://www.futhead.com/18/players/?name=Javi López&sort=vote_sum&bin_platform=ps,76,72,53,69,72,73,74,Medium / Medium
Álvaro Vázquez,Centre-Forward,Spain,26,RCD Espanyol Barcelona,"1,00 Mill. ","1,50 Mill. ",,,,,,,,http://www.futhead.com/18/players/?name=Álvaro Vázquez&sort=vote_sum&bin_platform=ps,73,69,75,59,73,31,68,High / High
Hernán Toledo,Left Wing,Argentina,21,UD Las Palmas,"1,00 Mill. ","2,00 Mill. ",,,,,,,,http://www.futhead.com/18/players/?name=Hernán Toledo&sort=vote_sum&bin_platform=ps,72,80,68,66,76,49,68,Medium / Medium
Raúl García,Left-Back,Spain,28,CD Leganés,"1,00 Mill. ","1,00 Mill. ",36,4,2884,288,0.28,10,,http://www.futhead.com/18/players/?name=Raúl García&sort=vote_sum&bin_platform=ps,81,57,76,82,77,66,76,High / Medium
Aleix García,Defensive Midfield,Spain,20,Girona FC,"1,00 Mill. ","1,00 Mill. ",,,,,,,,http://www.futhead.com/18/players/?name=Aleix García&sort=vote_sum&bin_platform=ps,70,66,61,70,72,58,53,Medium / Medium
Carles Planas,Left-Back,Spain,26,Girona FC,"1,00 Mill. ","1,50 Mill. ",,,,,,,,http://www.futhead.com/18/players/?name=Carles Planas&sort=vote_sum&bin_platform=ps,74,75,38,63,68,71,70,Medium / Medium
Aritz Aduriz,Centre-Forward,Spain,36,Athletic Bilbao,"1,00 Mill. ","1,00 Mill. ",32,1,2429,152,0.5,16,,http://www.futhead.com/18/players/?name=Aritz Aduriz&sort=vote_sum&bin_platform=ps,84,70,83,64,76,46,79,High / Medium
David Simón,Right-Back,Spain,29,UD Las Palmas,"1,00 Mill. ","1,50 Mill. ",,,,,,,,http://www.futhead.com/18/players/?name=David Simón&sort=vote_sum&bin_platform=ps,74,77,46,66,70,70,71,High / Medium
Samu García,Right Wing,Spain,27,Levante UD,"1,00 Mill. ","2,00 Mill. ",,,,,,,,http://www.futhead.com/18/players/?name=Samu García&sort=vote_sum&bin_platform=ps,75,78,68,73,74,28,62,Medium / Medium
Dídac Vilà,Left-Back,Spain,28,RCD Espanyol Barcelona,"1,00 Mill. ","1,00 Mill. ",,,,,,,,http://www.futhead.com/18/players/?name=Dídac Vilà&sort=vote_sum&bin_platform=ps,72,74,47,62,67,72,76,High / Medium
Bruno Gama,Right Wing,Portugal,30,Deportivo de La Coruña,"1,00 Mill. ","1,50 Mill. ",,,,,,,,http://www.futhead.com/18/players/?name=Bruno Gama&sort=vote_sum&bin_platform=ps,74,73,68,74,76,41,59,Medium / Low
Oier Olazábal,Keeper,Spain,28,Levante UD,"1,00 Mill. ",400 Th. ,,,,,,,,http://www.futhead.com/18/players/?name=Oier Olazábal&sort=vote_sum&bin_platform=ps,,,,,,,,
Marc Navarro,Right-Back,Spain,22,RCD Espanyol Barcelona,"1,00 Mill. ","1,00 Mill. ",12,2,789,395,0.17,2,,http://www.futhead.com/18/players/?name=Marc Navarro&sort=vote_sum&bin_platform=ps,71,68,56,67,63,70,68,High / Medium
Andrés Fernández,Keeper,Spain,31,Villarreal CF,"1,00 Mill. ","1,50 Mill. ",,,,,,,,http://www.futhead.com/18/players/?name=Andrés Fernández&sort=vote_sum&bin_platform=ps,,,,,,,,
Marc Roca,Central Midfield,Spain,21,RCD Espanyol Barcelona,"1,00 Mill. ","2,00 Mill. ",,,,,,,,http://www.futhead.com/18/players/?name=Marc Roca&sort=vote_sum&bin_platform=ps,74,56,56,72,71,69,66,Medium / Medium
Rubén Duarte,Left-Back,Spain,22,Deportivo Alavés,"1,00 Mill. ","1,00 Mill. ",,,,,,,,http://www.futhead.com/18/players/?name=Rubén Duarte&sort=vote_sum&bin_platform=ps,72,68,34,61,63,72,68,Medium / Medium
Óscar Duarte,Centre-Back,Costa Rica,28,RCD Espanyol Barcelona,"1,00 Mill. ","2,00 Mill. ",,,,,,,,http://www.futhead.com/18/players/?name=Óscar Duarte&sort=vote_sum&bin_platform=ps,77,65,31,52,54,78,72,Medium / Medium
Miguel Torres,Right-Back,Spain,31,Málaga CF,"1,00 Mill. ","2,00 Mill. ",,,,,,,,http://www.futhead.com/18/players/?name=Miguel Torres&sort=vote_sum&bin_platform=ps,75,59,36,64,64,78,74,Low / High
Javi Fuego,Defensive Midfield,Spain,33,RCD Espanyol Barcelona,"1,00 Mill. ","1,50 Mill. ",31,0,2566,2.566,0.03,1,,http://www.futhead.com/18/players/?name=Javi Fuego&sort=vote_sum&bin_platform=ps,80,56,60,72,68,78,78,Medium / High
Pedro Alcalá,Centre-Back,Spain,28,Girona FC,"1,00 Mill. ","1,00 Mill. ",,,,,,,,http://www.futhead.com/18/players/?name=Pedro Alcalá&sort=vote_sum&bin_platform=ps,74,44,48,59,54,74,80,Medium / Medium
Andrew Hjulsager,Central Midfield,Denmark,22,Celta de Vigo,"1,00 Mill. ","1,20 Mill. ",7,0,259,259,0.14,1,,http://www.futhead.com/18/players/?name=Andrew Hjulsager&sort=vote_sum&bin_platform=ps,67,79,62,64,69,45,66,Medium / Medium
Erik Morán,Defensive Midfield,Spain,26,CD Leganés,900 Th. ,"1,00 Mill. ",,,,,,,,http://www.futhead.com/18/players/?name=Erik Morán&sort=vote_sum&bin_platform=ps,72,41,47,68,67,67,71,Medium / Medium
Zdravko Kuzmanovi?,Central Midfield,Serbia,30,Málaga CF,800 Th. ,"1,00 Mill. ",,,,,,,,http://www.futhead.com/18/players/?name=Zdravko Kuzmanovi?&sort=vote_sum&bin_platform=ps,74,44,68,74,68,70,72,Medium / Medium
Gerard Gumbau,Central Midfield,Spain,23,CD Leganés,800 Th. ,700 Th. ,,,,,,,,http://www.futhead.com/18/players/?name=Gerard Gumbau&sort=vote_sum&bin_platform=ps,70,35,57,69,62,66,65,Medium / Medium
Unai Bustinza,Right-Back,Spain,25,CD Leganés,800 Th. ,"1,00 Mill. ",,,,,,,,http://www.futhead.com/18/players/?name=Unai Bustinza&sort=vote_sum&bin_platform=ps,73,70,35,61,62,73,73,Medium / Medium
Mehdi Lacen,Defensive Midfield,Algeria,33,Getafe CF,800 Th. ,"1,50 Mill. ",,,,,,,,http://www.futhead.com/18/players/?name=Mehdi Lacen&sort=vote_sum&bin_platform=ps,73,56,58,72,71,67,72,Medium / High
Emiliano Martínez,Keeper,Argentina,25,Getafe CF,800 Th. ,"1,00 Mill. ",,,,,,,,http://www.futhead.com/18/players/?name=Emiliano Martínez&sort=vote_sum&bin_platform=ps,,,,,,,,
Dani Pacheco,Left Wing,Spain,26,Getafe CF,800 Th. ,"1,00 Mill. ",,,,,,,,http://www.futhead.com/18/players/?name=Dani Pacheco&sort=vote_sum&bin_platform=ps,74,74,66,72,80,30,61,High / Low
Filip Manojlovic,Keeper,Serbia,21,Getafe CF,800 Th. ,"1,20 Mill. ",,,,,,,,http://www.futhead.com/18/players/?name=Filip Manojlovic&sort=vote_sum&bin_platform=ps,,,,,,,,
Mariano Barbosa,Keeper,Argentina,33,Villarreal CF,"1,00 Mill. ",600 Th. ,,,,,,,,http://www.futhead.com/18/players/?name=Mariano Barbosa&sort=vote_sum&bin_platform=ps,,,,,,,,
Rafa Navarro,Right-Back,Spain,23,Real Betis Balompié,"1,00 Mill. ","1,50 Mill. ",18,2,1288,644,0.11,2,,http://www.futhead.com/18/players/?name=Rafa Navarro&sort=vote_sum&bin_platform=ps,70,79,44,60,67,68,50,High / Medium
Rubén Peña,Right Wing,Spain,26,SD Eibar,"1,00 Mill. ","1,50 Mill. ",28,0,1050,1.05,0.04,1,,http://www.futhead.com/18/players/?name=Rubén Peña&sort=vote_sum&bin_platform=ps,73,86,70,65,75,57,64,Medium / Medium
Jon Ander Serantes,Keeper,Spain,28,CD Leganés,"1,00 Mill. ","1,50 Mill. ",,,,,,,,http://www.futhead.com/18/players/?name=Jon Ander Serantes&sort=vote_sum&bin_platform=ps,,,,,,,,
Mathí­as Olivera,Left-Back,Uruguay,20,Getafe CF,800 Th. ,800 Th. ,,,,,,,,http://www.futhead.com/18/players/?name=Mathí­as Olivera&sort=vote_sum&bin_platform=ps,67,63,24,53,53,66,59,Medium / Medium
Iván Cuéllar,Keeper,Spain,33,CD Leganés,800 Th. ,800 Th. ,,,,,,,,http://www.futhead.com/18/players/?name=Iván Cuéllar&sort=vote_sum&bin_platform=ps,,,,,,,,
Youssef En-Nesyri,Centre-Forward,Morocco,20,Málaga CF,800 Th. ,"1,00 Mill. ",13,1,322,322,0.08,1,,http://www.futhead.com/18/players/?name=Youssef En-Nesyri&sort=vote_sum&bin_platform=ps,69,76,68,49,68,30,51,Medium / Medium
Alberto Aquilani,Central Midfield,Italy,33,UD Las Palmas,800 Th. ,"1,00 Mill. ",,,,,,,,http://www.futhead.com/18/players/?name=Alberto Aquilani&sort=vote_sum&bin_platform=ps,75,54,70,80,75,60,62,Medium / Medium
Bruno González,Centre-Back,Spain,27,Getafe CF,800 Th. ,"1,00 Mill. ",16,0,1330,1.33,0.06,1,,http://www.futhead.com/18/players/?name=Bruno González&sort=vote_sum&bin_platform=ps,77,37,33,48,46,78,81,Medium / Medium
Javi Castellano,Defensive Midfield,Spain,30,UD Las Palmas,700 Th. ,400 Th. ,,,,,,,,http://www.futhead.com/18/players/?name=Javi Castellano&sort=vote_sum&bin_platform=ps,73,56,40,65,56,72,72,Low / High
Hernán,Central Midfield,Spain,27,UD Las Palmas,700 Th. ,800 Th. ,,,,,,,,http://www.futhead.com/18/players/?name=Hernán&sort=vote_sum&bin_platform=ps,75,84,56,63,74,72,76,Medium / Medium
Borja Valle,Left Wing,Spain,25,Deportivo de La Coruña,700 Th. ,700 Th. ,,,,,,,,http://www.futhead.com/18/players/?name=Borja Valle&sort=vote_sum&bin_platform=ps,71,76,67,64,73,38,54,High / Medium
Carlos Martínez,Right-Back,Spain,31,Real Sociedad,600 Th. ,"1,00 Mill. ",,,,,,,,http://www.futhead.com/18/players/?name=Carlos Martínez&sort=vote_sum&bin_platform=ps,76,61,51,71,66,77,67,High / High
Nano,Centre-Forward,Spain,22,Levante UD,600 Th. ,700 Th. ,6,0,156,156,0.17,1,,http://www.futhead.com/18/players/?name=Nano&sort=vote_sum&bin_platform=ps,79,87,68,78,81,24,45,High / High
Przemyslaw Tyton,Keeper,Poland,30,Deportivo de La Coruña,600 Th. ,"1,00 Mill. ",,,,,,,,http://www.futhead.com/18/players/?name=Przemyslaw Tyton&sort=vote_sum&bin_platform=ps,,,,,,,,
Saúl García,Left-Back,Spain,23,Deportivo de La Coruña,600 Th. ,800 Th. ,,,,,,,,http://www.futhead.com/18/players/?name=Saúl García&sort=vote_sum&bin_platform=ps,68,69,45,64,62,64,60,High / Medium
Asier Riesgo,Keeper,Spain,34,SD Eibar,500 Th. ,"1,00 Mill. ",,,,,,,,http://www.futhead.com/18/players/?name=Asier Riesgo&sort=vote_sum&bin_platform=ps,,,,,,,,
Martín Mantovani,Centre-Back,Argentina,33,CD Leganés,500 Th. ,800 Th. ,31,0,2698,2.698,0.03,1,,http://www.futhead.com/18/players/?name=Martín Mantovani&sort=vote_sum&bin_platform=ps,75,39,42,56,60,74,82,High / Medium
Mamadou Koné,Centre-Forward,Cote d'Ivoire,26,CD Leganés,500 Th. ,500 Th. ,,,,,,,,http://www.futhead.com/18/players/?name=Mamadou Koné&sort=vote_sum&bin_platform=ps,69,78,68,54,72,25,69,High / Low
Aythami Artiles,Centre-Back,Spain,31,UD Las Palmas,700 Th. ,"1,00 Mill. ",11,0,836,,0,0,,http://www.futhead.com/18/players/?name=Aythami Artiles&sort=vote_sum&bin_platform=ps,76,37,41,57,53,77,78,High / Medium
Ignasi Miquel,Centre-Back,Spain,25,Málaga CF,700 Th. ,700 Th. ,33,1,2853,1427,0.06,2,,http://www.futhead.com/18/players/?name=Ignasi Miquel&sort=vote_sum&bin_platform=ps,69,66,28,53,58,69,73,Low / High
Iván López,Right-Back,Spain,24,Levante UD,600 Th. ,800 Th. ,17,1,785,,0,0,,http://www.futhead.com/18/players/?name=Iván López&sort=vote_sum&bin_platform=ps,71,82,68,64,72,31,63,Medium / Medium
Nicolás Gorosito,Centre-Back,Argentina,29,Getafe CF,600 Th. ,800 Th. ,22,0,1667,1667,0.03,1,,http://www.futhead.com/18/players/?name=Nicolás Gorosito&sort=vote_sum&bin_platform=ps,72,68,50,60,55,71,74,Medium / Medium
Oscar Melendo,Attacking Midfield,Spain,20,RCD Espanyol Barcelona,600 Th. ,500 Th. ,11,0,297,,0,0,,http://www.futhead.com/18/players/?name=Oscar Melendo&sort=vote_sum&bin_platform=ps,70,66,62,65,71,49,60,Medium / Medium
Jorge Molina,Centre-Forward,Spain,35,Getafe CF,500 Th. ,500 Th. ,39,6,3235,162,0.51,20,,http://www.futhead.com/18/players/?name=Jorge Molina&sort=vote_sum&bin_platform=ps,73,32,76,57,60,37,81,Medium / Medium
Marlos Moreno,Left Wing,Colombia,21,Girona FC,500 Th. ,"1,00 Mill. ",18,0,792,,0,0,,http://www.futhead.com/18/players/?name=Marlos Moreno&sort=vote_sum&bin_platform=ps,72,88,64,63,77,24,52,High / High
Gerard Valentín,Right-Back,Spain,24,Deportivo de La Coruña,500 Th. ,"1,00 Mill. ",33,3,2484,,0,0,,http://www.futhead.com/18/players/?name=Gerard Valentín&sort=vote_sum&bin_platform=ps,71,92,36,63,76,63,66,High / Medium
Rubén Sobrino,Centre-Forward,Spain,25,Deportivo Alavés,500 Th. ,500 Th. ,11,1,501,251,0.18,2,,http://www.futhead.com/18/players/?name=Rubén Sobrino&sort=vote_sum&bin_platform=ps,70,81,64,58,78,27,62,Medium / Medium
Joaquín,Right Wing,Spain,36,Real Betis Balompié,500 Th. ,500 Th. ,28,4,1678,559,0.11,3,,http://www.futhead.com/18/players/?name=Joaquín&sort=vote_sum&bin_platform=ps,82,82,74,81,86,23,51,High / Medium
Héctor Hernández,Left-Back,Spain,26,Deportivo Alavés,400 Th. ,600 Th. ,13,2,913,,0,0,,http://www.futhead.com/18/players/?name=Héctor Hernández&sort=vote_sum&bin_platform=ps,71,79,45,61,73,68,68,High / Medium
Farid Boulaya,Attacking Midfield,Algeria,24,Girona FC,400 Th. ,800 Th. ,2,0,18,,0,0,,http://www.futhead.com/18/players/?name=Farid Boulaya&sort=vote_sum&bin_platform=ps,70,79,65,66,74,36,51,High / Medium
Enric Saborit,Left-Back,Spain,25,Athletic Bilbao,400 Th. ,500 Th. ,9,0,460,,0,0,,http://www.futhead.com/18/players/?name=Enric Saborit&sort=vote_sum&bin_platform=ps,69,71,47,62,65,68,75,High / Medium
Fernando Navarro,Left-Back,Spain,35,Deportivo de La Coruña,300 Th. ,500 Th. ,25,0,2050,,0,0,,http://www.futhead.com/18/players/?name=Fernando Navarro&sort=vote_sum&bin_platform=ps,71,85,58,64,68,66,61,High / High
Eloi Amagat,Attacking Midfield,Spain,32,Girona FC,200 Th. ,400 Th. ,16,0,623,,0,0,,http://www.futhead.com/18/players/?name=Eloi Amagat&sort=vote_sum&bin_platform=ps,67,45,61,66,68,55,66,Medium / Medium
Sergio Mora,Central Midfield,Spain,38,Getafe CF,100 Th. ,100 Th. ,19,0,1624,,0,0,,http://www.futhead.com/18/players/?name=Sergio Mora&sort=vote_sum&bin_platform=ps,70,41,63,76,61,60,68,Medium / Medium
David García,Centre-Back,Spain,35,UD Las Palmas,100 Th. ,100 Th. ,22,1,1645,1.645,0.05,1,,http://www.futhead.com/18/players/?name=David García&sort=vote_sum&bin_platform=ps,75,62,36,60,64,73,76,Medium / Medium
David García,Centre-Back,Spain,35,UD Las Palmas,100 Th. ,100 Th. ,25,0,2189,2.189,0.04,1,,http://www.futhead.com/18/players/?name=David García&sort=vote_sum&bin_platform=ps,75,62,36,60,64,73,76,Medium / Medium
Iván Ramis,Centre-Back,Spain,33,SD Eibar,500 Th. ,"1,00 Mill. ",22,0,1721,574,0.14,3,,http://www.futhead.com/18/players/?name=Iván Ramis&sort=vote_sum&bin_platform=ps,77,38,61,63,59,77,83,Medium / High
Pedro López,Right-Back,Spain,34,Levante UD,400 Th. ,500 Th. ,34,1,2825,,0,0,,http://www.futhead.com/18/players/?name=Pedro López&sort=vote_sum&bin_platform=ps,60,53,31,42,43,61,62,Medium / Medium
Jairo Morillas,Centre-Forward,Spain,24,RCD Espanyol Barcelona,300 Th. ,300 Th. ,18,0,795,398,0.11,2,,http://www.futhead.com/18/players/?name=Jairo Morillas&sort=vote_sum&bin_platform=ps,67,72,68,45,62,31,61,High / Medium
Daniele Bonera,Centre-Back,Italy,36,Villarreal CF,200 Th. ,200 Th. ,6,0,540,,0,0,,http://www.futhead.com/18/players/?name=Daniele Bonera&sort=vote_sum&bin_platform=ps,77,34,38,52,48,80,68,Low / High
Momo,Left Wing,Spain,35,UD Las Palmas,100 Th. ,100 Th. ,23,0,1239,413,0.13,3,,http://www.futhead.com/18/players/?name=Momo&sort=vote_sum&bin_platform=ps,48,54,46,36,45,20,44,High / High
Felipe Gutiérrez,Central Midfield,Chile,27,Real Betis Balompié,"2,50 Mill. ","2,50 Mill. ",14,0,753,753,0.07,1,,http://www.futhead.com/18/players/?name=Felipe Gutiérrez&sort=vote_sum&bin_platform=ps,75,68,68,74,75,60,62,Medium / Medium
Rubén Castro,Centre-Forward,Spain,36,Real Betis Balompié,900 Th. ,"1,00 Mill. ",35,3,2782,214,0.37,13,,http://www.futhead.com/18/players/?name=Rubén Castro&sort=vote_sum&bin_platform=ps,81,78,80,65,83,23,64,Medium / Low
Gabriel Peñalba,Central Midfield,Argentina,33,UD Las Palmas,"1,20 Mill. ","1,20 Mill. ",15,2,1228,307,0.26,4,,http://www.futhead.com/18/players/?name=Gabriel Peñalba&sort=vote_sum&bin_platform=ps,74,46,68,72,72,68,80,Medium / Medium
Manuel Iturra,Defensive Midfield,Chile,33,Málaga CF,"1,50 Mill. ","1,50 Mill. ",15,1,1350,,0,0,,http://www.futhead.com/18/players/?name=Manuel Iturra&sort=vote_sum&bin_platform=ps,72,61,45,64,67,69,71,Medium / High
Diego Costa,Centre-Forward,Spain,29,Atlético Madrid,"50,00 Mill. ","50,00 Mill. ",35,8,3090,155,0.57,20,,http://www.futhead.com/18/players/?name=Diego Costa&sort=vote_sum&bin_platform=ps,86,75,83,65,76,40,88,High / Medium
