Age,Assists,C_Apps,C_Assists,C_Clean_Sheets,C_Goals,C_Mins,Clean Sheets,Club,Club_Appearances,Country,Current_Value,F_Def,F_Drib,F_Pace,F_Passing,F_Phy,F_Rating,F_Shooting,F_WRate,FantasyLeaguePoints,FantasyLeagueVal,Goals,Goals_per_game,Mins_per_goal,Minutes_played_club,Name,Position,Previous_Value,Wiki_Views
30,12,18,7,0,14,1620,,FC Barcelona,34,Argentina,"180,00 Mill. ",26,95,89,86,61,93,90,Medium / Medium,127,30,37,1.09,77,2832,Lionel Messi,Right Wing,"120,00 Mill. ?","23,736"
29,3,15,2,9,1,1313,,FC Barcelona,33,Spain,"80,00 Mill. ",82,74,40,79,81,86,59,Medium / Medium,58,11.5,0,0,,2693,Sergio Busquets,Defensive Midfield,"60,00 Mill. ?","1,124"
20,13,2,1,1,0,118,,FC Barcelona,32,France,"80,00 Mill. ",32,88,91,75,56,83,76,High / Low,10,3.5,6,0.18,340,2040,Ousmane Dembélé,Left Wing,"33,00 Mill. ?","4,782"
29,6,16,3,12,0,1452,,FC Barcelona,32,Croatia,"45,00 Mill. ",60,82,65,86,66,87,84,Medium / Medium,68,15,7,0.22,335,2344,Ivan Rakitic,Central Midfield,"45,00 Mill. ?",9
28,6,16,6,11,1,1428,,FC Barcelona,26,Spain,"40,00 Mill. ",81,82,93,75,72,85,69,High / Medium,99,13,1,0.04,1.966,1966,Jordi Alba,Left-Back,"32,00 Mill. ?",792
30,15,15,1,0,11,1342,,FC Barcelona,35,Uruguay,"85,00 Mill. ",42,86,82,79,81,92,90,High / Medium,85,24,29,0.83,99,2862,Luis Suárez,Centre-Forward,"90,00 Mill. ?","4,844"
24,0,12,0,7,0,1062,,FC Barcelona,25,France,"40,00 Mill. ",82,71,74,71,79,83,64,Medium / High,50,5.5,1,0.04,2.132,2132,Samuel Umtiti,Centre-Back,"30,00 Mill. ?","1,199"
29,4,10,2,7,7,922,,FC Barcelona,20,Brazil,"40,00 Mill. ",77,77,76,74,76,81,74,High / High,81,9,7,0.35,257,1800,Paulinho,Central Midfield,"20,00 Mill. ?",48
30,0,13,0,8,1,1170,,FC Barcelona,25,Spain,"40,00 Mill. ",86,66,65,69,76,87,61,High / Medium,61,7.8,2,0.08,1.096,2192,Gerard Piqué,Centre-Back,"40,00 Mill. ?","5,308"
25,6,12,6,10,1,1130,,FC Barcelona,32,Spain,"40,00 Mill. ",79,75,77,80,72,81,64,Medium / Medium,90,10.5,0,0,,2381,Sergi Roberto,Central Midfield,"25,00 Mill. ?",962
25,0,18,0,12,0,1620,13,FC Barcelona,36,Germany,"40,00 Mill. ",38,86,84,87,81,85,83,No,99,17,0,0,,3240,Marc-André ter Stegen,Keeper,"25,00 Mill. ?","1,372"
24,8,7,0,3,0,621,,FC Barcelona,31,Portugal,"30,00 Mill. ",76,80,92,68,71,81,57,High / Medium,32,3,1,0.03,2782,2781,Nélson Semedo,Right-Back,"20,00 Mill. ?","1,630"
24,3,4,2,0,2,336,,FC Barcelona,20,Spain,"18,00 Mill. ",34,80,77,70,67,82,83,High / Medium,29,2,6,0.3,141,847,Paco Alcácer,Centre-Forward,"18,00 Mill. ?",969
24,0,2,1,1,0,192,,FC Barcelona,17,France,"16,00 Mill. ",75,75,80,75,75,79,61,High / Medium,13,2,0,0,,1175,Lucas Digne,Left-Back,"16,00 Mill. ?",637
24,2,2,0,1,0,259,,FC Barcelona,30,Portugal,"22,00 Mill. ",71,78,68,78,81,82,71,Medium / Medium,13,3,3,0.1,531,1592,André Gomes,Central Midfield,"25,00 Mill. ?","1,285"
33,3,14,0,9,1,1041,,FC Barcelona,23,Spain,"20,00 Mill. ",58,90,71,87,58,87,70,High / Medium,55,6.5,0,0,,1329,Andrés Iniesta,Central Midfield,"20,00 Mill. ?","2,810"
23,4,3,2,2,2,383,,FC Barcelona,26,Spain,"18,00 Mill. ",51,83,79,81,58,80,74,Medium / Medium,35,2.5,1,0.04,1.182,1182,Denis Suárez,Central Midfield,"18,00 Mill. ?","1,094"
24,2,0,0,0,0,0,,FC Barcelona,18,Brazil,"15,00 Mill. ",62,84,74,79,64,81,76,Medium / Medium,0,2,6,0.33,179,1074,Rafinha,Central Midfield,"15,00 Mill. ?",30
23,3,5,1,0,1,494,,FC Barcelona,17,Spain,"14,00 Mill. ",26,87,93,75,61,82,70,High / Low,26,2,4,0.23,366,1463,Gerard Deulofeu,Right Wing,"12,00 Mill. ?","2,348"
28,0,0,0,0,0,0,0,FC Barcelona,1,Netherlands,"9,00 Mill. ",54,77,79,74,81,81,83,No,0,2,0,0,,90,Jasper Cillessen,Keeper,"9,00 Mill. ?",669
30,3,0,0,0,0,0,,FC Barcelona,18,Turkey,"12,00 Mill. ",61,84,71,81,72,82,73,High / High,0,2,3,0.17,415,1244,Arda Turan,Left Wing,"15,00 Mill. ?","1,298"
28,2,3,1,4,1,347,,FC Barcelona,6,Spain,"7,50 Mill. ",69,80,91,72,70,76,67,High / Medium,38,2.5,2,0.33,238,475,Aleix Vidal,Right-Back,"7,50 Mill. ?",740
33,3,6,0,5,0,541,,FC Barcelona,25,Argentina,"6,00 Mill. ",82,70,65,71,77,83,53,Medium / High,34,2.7,1,0.04,1.916,1916,Javier Mascherano,Centre-Back,"8,00 Mill. ?","1,397"
32,0,5,0,4,0,468,,FC Barcelona,9,Belgium,"5,00 Mill. ",76,60,68,67,74,78,61,High / Medium,25,3.5,0,0,,388,Thomas Vermaelen,Centre-Back,"3,00 Mill. ?","1,181"
26,8,15,4,0,5,1284,,Atlético Madrid,36,France,"100,00 Mill. ",30,87,86,78,68,88,85,High / Medium,65,20.5,16,0.44,192,3067,Antoine Griezmann,Centre-Forward,"80,00 Mill. ?","4,189"
25,8,15,2,9,2,1348,,Atlético Madrid,36,Spain,"70,00 Mill. ",63,81,70,86,75,84,75,High / High,61,15,4,0.11,793,3172,Koke,Central Midfield,"60,00 Mill. ?",13
24,0,18,0,11,0,1620,15,Atlético Madrid,30,Slovenia,"50,00 Mill. ",43,84,84,77,87,88,90,No,91,16.5,0,0,,2651,Jan Oblak,Keeper,"40,00 Mill. ?",850
24,4,6,3,4,3,666,,Atlético Madrid,35,Belgium,"40,00 Mill. ",29,87,88,78,63,85,79,High / Medium,48,13.2,10,0.29,227,2269,Yannick Carrasco,Left Wing,"40,00 Mill. ?",9
23,3,17,2,10,2,1492,,Atlético Madrid,33,Spain,"70,00 Mill. ",77,81,73,78,75,82,69,Medium / High,65,15,4,0.12,636,2543,Saúl Ñíguez,Central Midfield,"40,00 Mill. ?",917
31,1,15,0,9,0,1350,,Atlético Madrid,31,Uruguay,"35,00 Mill. ",88,64,65,65,78,88,48,Medium / High,63,15.3,3,0.1,902,2706,Diego Godín,Centre-Back,"38,00 Mill. ?",474
26,1,15,0,10,0,1370,,Atlético Madrid,32,Montenegro,"30,00 Mill. ",83,57,63,52,74,82,35,Medium / High,64,13,1,0.03,2.727,2727,Stefan Savic,Centre-Back,"30,00 Mill. ?",3
28,7,8,0,1,1,690,,Atlético Madrid,30,Spain,"25,00 Mill. ",28,82,80,79,76,83,77,High / High,24,3.5,6,0.2,389,2333,Vitolo,Left Wing,"30,00 Mill. ?",17
22,0,5,0,1,1,519,,Atlético Madrid,17,Uruguay,"35,00 Mill. ",85,54,70,51,81,83,45,Medium / High,26,2,0,0,,1011,José Giménez,Centre-Back,"28,00 Mill. ?",322
25,0,6,3,4,0,543,,Atlético Madrid,14,Croatia,"20,00 Mill. ",84,82,86,83,83,84,63,High / Medium,35,3.5,0,0,,922,Sime Vrsaljko,Right-Back,"16,00 Mill. ?",3
22,8,14,1,0,5,1106,,Atlético Madrid,31,Argentina,"20,00 Mill. ",49,85,82,65,57,79,80,Medium / Low,63,9.5,4,0.13,303,1211,Ángel Correa,Secondary Striker,"18,00 Mill. ?",521
30,5,6,1,0,3,509,,Atlético Madrid,31,France,"20,00 Mill. ",35,79,87,75,68,83,83,Medium / Medium,37,9.8,12,0.39,143,1717,Kévin Gameiro,Centre-Forward,"24,00 Mill. ?",626
29,3,1,0,1,0,216,,Atlético Madrid,23,Argentina,"15,00 Mill. ",39,84,81,81,55,83,74,High / Medium,10,2,3,0.13,340,1019,Nico Gaitán,Left Wing,"20,00 Mill. ?",0
21,0,9,1,7,0,822,,Atlético Madrid,15,France,"20,00 Mill. ",76,57,65,53,70,76,42,Medium / High,47,3.5,0,0,,1253,Lucas Hernández,Centre-Back,"15,00 Mill. ?",661
32,6,11,1,6,1,981,,Atlético Madrid,34,Brazil,"18,00 Mill. ",82,78,79,77,79,85,62,High / Medium,55,13.2,3,0.09,1.003,3009,Filipe Luís,Left-Back,"18,00 Mill. ?",580
32,2,8,0,5,0,688,,Atlético Madrid,23,Spain,"8,00 Mill. ",80,77,82,75,77,83,58,High / Medium,31,2.1,0,0,,1977,Juanfran,Right-Back,"12,00 Mill. ?",13
24,2,14,0,9,2,1171,,Atlético Madrid,16,Ghana,"8,00 Mill. ",83,80,80,78,86,84,79,High / High,56,8,1,0.06,627,627,Thomas,Defensive Midfield,"4,50 Mill. ?",117
33,6,2,0,0,1,344,,Atlético Madrid,31,Spain,"4,00 Mill. ",25,78,76,71,69,81,78,Medium / Medium,19,4.9,8,0.26,177,1416,Fernando Torres,Centre-Forward,"4,00 Mill. ?","3,707"
31,0,1,0,1,0,84,,Atlético Madrid,3,Argentina,"4,00 Mill. ",68,79,69,77,75,80,70,Medium / Medium,6,2,0,0,,143,Augusto Fernández,Central Midfield,"4,00 Mill. ?",182
34,0,15,1,10,0,1346,,Atlético Madrid,34,Spain,"3,00 Mill. ",75,76,64,79,73,81,72,Medium / High,49,13.2,0,0,,2896,Gabi,Central Midfield,"3,00 Mill. ?",15
33,0,0,0,0,0,0,5,Atlético Madrid,9,Spain,"2,00 Mill. ",46,79,85,82,81,81,78,No,0,2,0,0,,769,Miguel Ángel Moyà,Keeper,"2,00 Mill. ?",165
21,0,0,0,0,0,0,0,Atlético Madrid,2,Argentina,"1,00 Mill. ",41,70,78,74,64,69,67,No,0,2,0,0,,180,Axel Werner,Keeper,"1,00 Mill. ?",123
29,8,1,0,0,1,90,,Atlético Madrid,35,Spain,"50,00 Mill. ",40,76,75,65,88,86,83,High / Medium,4,2,20,0.57,155,3090,Diego Costa,Centre-Forward,"50,00 Mill. ?","4,441"
25,4,18,0,0,6,1620,,RCD Espanyol Barcelona,37,Spain,"12,00 Mill. ",45,76,66,65,63,78,77,High / Medium,67,16.1,13,0.35,252,3280,Gerard Moreno,Centre-Forward,"8,00 Mill. ?",3
24,2,16,0,6,1,1407,,RCD Espanyol Barcelona,23,Spain,"11,00 Mill. ",64,79,55,76,66,78,63,Medium / Low,46,7,1,0.043,1412,1412,Sergi Darder,Central Midfield,"11,00 Mill. ?",121
28,2,18,0,6,0,1620,,RCD Espanyol Barcelona,36,Spain,"6,50 Mill. ",77,67,60,66,81,78,66,High / High,42,14.3,3,0.08,1.08,3240,David López,Centre-Back,"6,50 Mill. ?",11
28,11,14,2,4,1,1062,,RCD Espanyol Barcelona,30,Argentina,"6,00 Mill. ",42,80,82,75,56,79,71,High / Medium,50,12.5,10,0.33,236,2355,Pablo Piatti,Left Wing,"6,00 Mill. ?",175
30,1,13,1,4,0,1075,,RCD Espanyol Barcelona,26,Spain,"4,00 Mill. ",79,72,64,79,68,78,62,Medium / Medium,33,4.5,1,0.04,2.281,2281,Víctor Sánchez,Central Midfield,"4,00 Mill. ?",131
25,6,16,3,0,3,1333,,RCD Espanyol Barcelona,21,Brazil,"4,00 Mill. ",28,79,79,69,64,80,77,Medium / Medium,58,7.5,6,0.29,238,1427,Leo Baptistão,Centre-Forward,"4,00 Mill. ?",0
31,4,13,2,4,0,1039,,RCD Espanyol Barcelona,31,Spain,"2,50 Mill. ",29,81,70,80,56,79,76,Medium / Low,41,9.5,3,0.1,820,2459,José Manuel Jurado,Attacking Midfield,"2,50 Mill. ?",0
30,1,1,1,0,0,328,,RCD Espanyol Barcelona,19,Spain,"1,50 Mill. ",65,77,57,82,63,78,72,Medium / Medium,12,2.5,0,0,,690,Esteban Granero,Central Midfield,"2,00 Mill. ?",191
28,0,1,0,0,0,140,,RCD Espanyol Barcelona,32,Paraguay,"1,50 Mill. ",29,80,82,73,72,79,74,High / Medium,4,2.2,3,0.09,597,1792,Hernán Pérez,Right Wing,"3,00 Mill. ?",4
36,0,0,0,0,0,0,11,RCD Espanyol Barcelona,35,Spain,"1,00 Mill. ",34,80,77,76,83,83,84,No,0,2,0,0,,3113,Diego López,Keeper,"1,00 Mill. ?",5
22,2,1,0,2,0,170,,RCD Espanyol Barcelona,12,Spain,"1,00 Mill. ",70,63,68,67,68,71,56,High / Medium,12,2,2,0.17,395,789,Marc Navarro,Right-Back,"1,00 Mill. ?",39
33,0,16,0,6,0,1300,,RCD Espanyol Barcelona,31,Spain,"1,00 Mill. ",78,68,56,72,78,80,60,Medium / High,38,6,1,0.03,2.566,2566,Javi Fuego,Defensive Midfield,"1,50 Mill. ?",48
20,0,0,0,0,0,126,,RCD Espanyol Barcelona,11,Spain,600 Th. ,49,71,66,65,60,70,62,Medium / Medium,6,2,0,0,,297,Oscar Melendo,Attacking Midfield,500 Th. ?,0
26,4,10,1,0,1,876,,Real Sociedad,34,Spain,"25,00 Mill. ",82,62,71,63,79,82,56,Medium / Medium,32,7.5,3,0.09,1,2999,Iñigo Martínez,Centre-Back,"20,00 Mill. ?",294
20,8,13,3,0,6,1146,,Real Sociedad,38,Spain,"30,00 Mill. ",33,79,73,76,57,79,73,High / Medium,62,13.2,2,0.05,1.361,2722,Mikel Oyarzabal,Left Wing,"15,00 Mill. ?",160
22,5,16,4,2,0,1463,,Real Sociedad,15,Spain,"20,00 Mill. ",78,67,86,70,67,80,50,High / Medium,50,6.5,0,0,,1286,Álvaro Odriozola,Right-Back,"10,00 Mill. ?",167
27,3,16,3,2,3,1440,,Real Sociedad,34,Spain,"15,00 Mill. ",77,78,60,77,70,81,66,Medium / High,58,9.5,1,0.03,3.004,3004,Asier Illarramendi,Defensive Midfield,"15,00 Mill. ?",404
24,0,12,0,1,2,1070,,Real Sociedad,25,Spain,"12,00 Mill. ",84,68,65,68,76,82,44,Medium / Medium,32,3.5,2,0.08,1.015,2029,Diego Llorente,Centre-Back,"7,50 Mill. ?",316
26,4,17,1,0,5,1428,,Real Sociedad,28,Brazil,"12,00 Mill. ",36,76,66,66,76,82,82,Medium / Low,67,12.5,12,0.43,173,2080,Willian José,Centre-Forward,"12,00 Mill. ?",245
25,0,17,0,2,0,1530,10,Real Sociedad,38,Argentina,"10,00 Mill. ",54,86,85,75,82,83,79,No,37,9.5,0,0,,3420,Gerónimo Rulli,Keeper,"14,00 Mill. ?",359
22,3,8,3,0,2,669,,Real Sociedad,31,Belgium,"10,00 Mill. ",21,81,79,75,50,77,66,Medium / Low,38,3.5,0,0,,1630,Adnan Januzaj,Right Wing,"8,50 Mill. ?","1,251"
24,1,6,0,0,3,507,,Real Sociedad,35,Spain,"7,50 Mill. ",30,77,77,67,54,75,73,Medium / Medium,33,9.6,11,0.31,166,1831,Juanmi,Right Wing,"10,00 Mill. ?",3
22,0,0,0,0,0,63,,Real Sociedad,12,Spain,"3,00 Mill. ",23,67,62,54,48,70,75,Medium / Medium,4,2,3,0.25,101,304,Jon Bautista,Centre-Forward,"5,00 Mill. ?",36
34,5,17,3,2,2,1411,,Real Sociedad,38,Spain,"3,00 Mill. ",46,75,48,84,58,79,75,Medium / Medium,60,15.8,8,0.21,353,2824,Xabi Prieto,Central Midfield,"3,00 Mill. ?",143
31,1,13,0,1,0,1086,,Real Sociedad,31,Spain,"3,00 Mill. ",71,77,68,76,72,79,72,Medium / Medium,31,5.5,3,0.1,835,2504,David Zurutuza,Central Midfield,"3,00 Mill. ?",51
26,4,5,0,0,0,504,,Real Sociedad,31,Spain,"4,00 Mill. ",30,83,67,85,55,82,77,High / Medium,23,4.5,0,0,,989,Sergio Canales,Attacking Midfield,"3,00 Mill. ?",158
23,0,12,2,2,1,1092,,Real Sociedad,2,Portugal,"3,00 Mill. ",68,60,74,64,52,70,44,Medium / Medium,41,4.5,0,0,,103,Kévin Rodrigues,Left-Back,"1,00 Mill. ?",103
25,0,0,0,0,0,21,,Real Sociedad,16,Spain,"3,00 Mill. ",61,78,67,78,60,79,68,Medium / Medium,2,2,1,0.06,1.272,1272,Rubén Pardo,Central Midfield,"4,00 Mill. ?",4
29,1,5,1,1,0,442,,Real Sociedad,32,Spain,"3,00 Mill. ",79,48,53,59,70,78,45,Medium / Medium,16,2.5,1,0.03,2.798,2798,Raúl Navas,Centre-Back,"5,00 Mill. ?",10
23,0,17,0,7,0,1530,,Athletic Bilbao,33,France,"25,00 Mill. ",86,62,69,66,78,84,50,Medium / Medium,51,10.5,2,0.06,1.433,2865,Aymeric Laporte,Centre-Back,"25,00 Mill. ?",507
23,7,14,3,0,3,1283,,Athletic Bilbao,38,Spain,"25,00 Mill. ",34,79,93,73,79,81,78,High / High,57,16,5,0.13,560,2800,Iñaki Williams,Right Wing,"25,00 Mill. ?",669
23,0,14,0,4,0,1260,8,Athletic Bilbao,23,Spain,"20,00 Mill. ",34,81,78,75,76,79,81,No,40,3.5,0,0,,2016,Kepa Arrizabalaga,Keeper,"8,00 Mill. ?",397
28,1,12,0,6,0,1027,,Athletic Bilbao,35,Spain,"9,00 Mill. ",79,70,43,70,78,80,70,Medium / Medium,32,9.4,4,0.11,666,2665,Mikel San José,Defensive Midfield,"12,00 Mill. ?",0
31,4,15,1,8,3,1317,,Athletic Bilbao,36,Spain,"9,00 Mill. ",66,77,57,82,76,81,76,High / Medium,65,16.8,10,0.28,288,2884,Raúl García,Attacking Midfield,"12,00 Mill. ?",5
25,3,4,2,0,1,405,,Athletic Bilbao,35,Spain,"9,00 Mill. ",43,82,81,72,49,78,70,High / Medium,21,4,7,0.2,345,2413,Iker Muniain,Left Wing,"15,00 Mill. ?",276
24,1,10,0,5,0,1025,,Athletic Bilbao,25,Spain,"7,50 Mill. ",67,75,73,74,73,75,64,Medium / High,41,5.5,2,0.08,786,1571,Iñigo Lekue,Right-Back,"4,00 Mill. ?",51
30,2,12,2,6,1,1092,,Athletic Bilbao,26,Spain,"7,50 Mill. ",28,78,74,82,64,78,71,High / Medium,48,6.5,1,0.04,1.102,1102,Markel Susaeta,Right Wing,"7,50 Mill. ?",104
22,1,0,0,0,0,0,,Athletic Bilbao,26,Spain,"7,50 Mill. ",77,63,68,57,75,78,49,Medium / High,0,2,0,0,,2270,Yeray Álvarez,Centre-Back,"15,00 Mill. ?",164
28,4,7,0,4,0,471,,Athletic Bilbao,27,Spain,"6,00 Mill. ",74,78,86,73,79,81,62,High / Medium,28,3.5,1,0.04,2.149,2149,Óscar de Marcos,Right-Back,"8,00 Mill. ?",86
24,1,8,1,2,1,630,,Athletic Bilbao,17,Spain,"6,00 Mill. ",67,63,57,66,75,71,57,Medium / Medium,23,2,1,0.06,1.409,1409,Mikel Vesga,Defensive Midfield,"6,00 Mill. ?",37
30,5,2,0,2,0,248,,Athletic Bilbao,32,Spain,"5,00 Mill. ",66,75,58,84,74,82,75,Medium / Medium,12,2.6,1,0.03,2.442,2442,Beñat Etxebarria,Central Midfield,"8,00 Mill. ?",108
28,1,9,0,2,0,843,,Athletic Bilbao,24,Spain,"5,00 Mill. ",79,70,59,77,72,81,63,High / Medium,23,3,0,0,,1152,Ander Iturraspe,Defensive Midfield,"5,00 Mill. ?",82
29,1,12,2,5,0,1058,,Athletic Bilbao,33,Spain,"5,00 Mill. ",78,71,75,71,77,79,49,High / Medium,44,8.1,1,0.03,2.851,2851,Mikel Balenziaga,Left-Back,"5,00 Mill. ?",47
29,0,4,0,4,0,360,7,Athletic Bilbao,21,Spain,"3,00 Mill. ",45,73,76,66,75,76,83,No,27,3.5,0,0,,1827,Iago Herrerín,Keeper,"3,00 Mill. ?",56
30,0,2,0,2,1,180,,Athletic Bilbao,10,Spain,"2,50 Mill. ",78,57,52,48,81,78,35,Low / Medium,15,2.5,0,0,,711,Xabier Etxeita,Centre-Back,"2,50 Mill. ?",37
33,0,6,0,4,0,575,,Athletic Bilbao,18,Spain,"1,50 Mill. ",70,68,53,70,75,74,63,Medium / Medium,18,3,1,0.06,468,468,Mikel Rico,Central Midfield,"2,00 Mill. ?",38
25,2,1,0,0,0,72,,Athletic Bilbao,13,Spain,"1,50 Mill. ",43,75,77,68,61,75,72,Medium / Medium,6,2,1,0.08,436,436,Sabin Merino,Left Wing,"2,00 Mill. ?",51
36,1,13,1,0,4,1264,,Athletic Bilbao,32,Spain,"1,00 Mill. ",46,76,70,64,79,84,83,High / Medium,57,13.3,16,0.5,152,2429,Aritz Aduriz,Centre-Forward,"1,00 Mill. ?",586
25,0,5,0,3,0,472,,Athletic Bilbao,9,Spain,400 Th. ,68,65,71,62,75,69,47,High / Medium,23,2.5,0,0,,460,Enric Saborit,Left-Back,500 Th. ?,40
24,2,16,1,5,3,1370,,Valencia CF,24,France,"25,00 Mill. ",73,75,69,71,81,76,60,High / Medium,56,7,1,0.04,1714,1714,Geoffrey Kondogbia,Central Midfield,"18,00 Mill. ?",551
26,1,14,0,0,10,1211,,Valencia CF,20,Italy,"25,00 Mill. ",48,80,79,65,86,83,86,High / High,70,9,6,0.3,229,1376,Simone Zaza,Centre-Forward,"16,00 Mill. ?","1,024"
20,1,14,4,5,1,1180,,Valencia CF,23,Spain,"25,00 Mill. ",65,72,76,77,59,76,72,Medium / Medium,59,6.5,3,0.13,575,1724,Carlos Soler,Central Midfield,"7,50 Mill. ?",3
26,4,17,3,0,7,1423,,Valencia CF,19,Spain,"25,00 Mill. ",32,78,91,70,68,78,75,High / Medium,82,9.5,5,0.26,284,1419,Rodrigo,Centre-Forward,"7,50 Mill. ?",53
22,3,16,3,5,0,1380,,Valencia CF,27,Spain,"25,00 Mill. ",75,77,86,75,68,79,58,High / Medium,61,7,1,0.04,2.089,2089,José Gayá,Left-Back,"18,00 Mill. ?",0
28,9,17,3,6,1,1513,,Valencia CF,36,Spain,"18,00 Mill. ",61,77,52,87,71,82,77,Medium / Medium,64,13.9,5,0.14,639,3195,Dani Parejo,Central Midfield,"15,00 Mill. ?",2
31,0,11,0,3,0,994,,Valencia CF,27,Argentina,"15,00 Mill. ",84,65,43,66,80,83,64,Medium / Medium,36,3.5,3,0.11,780,2340,Ezequiel Garay,Centre-Back,"15,00 Mill. ?",365
26,1,14,2,5,0,1245,,Valencia CF,29,Spain,"15,00 Mill. ",75,72,83,69,71,77,50,High / Medium,51,6,2,0.07,1.11,2220,Martín Montoya,Right-Back,"10,00 Mill. ?",236
27,0,10,0,0,0,1182,,Valencia CF,19,Brazil,"15,00 Mill. ",80,64,66,65,76,79,49,Low / High,55,6,0,0,,1515,Gabriel Paulista,Centre-Back,"13,00 Mill. ?",566
25,1,7,0,4,0,610,,Valencia CF,27,Colombia,"15,00 Mill. ",80,64,75,56,77,79,40,Medium / High,29,2,0,0,,2075,Jeison Murillo,Centre-Back,"13,00 Mill. ?",262
22,3,5,1,0,5,619,,Valencia CF,29,Spain,"10,00 Mill. ",52,77,78,67,67,76,75,Medium / Medium,50,7,6,0.21,234,1403,Santi Mina,Centre-Forward,"6,00 Mill. ?",170
28,0,17,0,6,0,1530,6,Valencia CF,8,Brazil,"10,00 Mill. ",53,83,84,74,74,80,80,No,65,8,0,0,,674,Neto,Keeper,"6,00 Mill. ?",17
22,3,10,3,2,1,864,,Valencia CF,35,Brazil,"7,50 Mill. ",62,81,72,76,69,77,71,High / High,42,6,5,0.14,566,2832,Andreas Pereira,Left Wing,"5,00 Mill. ?","1,150"
23,0,5,0,1,0,477,,Valencia CF,18,Portugal,"4,00 Mill. ",75,55,64,59,72,74,49,Medium / Medium,17,2,0,0,,1489,Rúben Vezo,Centre-Back,"1,50 Mill. ?",89
27,0,1,0,0,0,90,1,Valencia CF,3,Spain,"2,50 Mill. ",58,79,74,70,72,75,73,No,2,2,0,0,,270,Jaume Doménech,Keeper,"2,50 Mill. ?",0
24,1,0,0,0,0,0,,Valencia CF,5,Spain,"1,50 Mill. ",47,75,76,70,50,72,67,High / Medium,0,2,2,0.4,84,167,Robert Ibáñez,Right Wing,"1,50 Mill. ?",69
25,9,13,4,6,4,1068,,Real Madrid,30,Spain,"75,00 Mill. ",54,89,71,82,62,86,83,High / Medium,73,14,10,0.33,164,1637,Isco,Attacking Midfield,"40,00 Mill. ?","2,456"
32,6,13,2,0,3,1156,,Real Madrid,29,Portugal,"120,00 Mill. ",34,92,91,84,82,95,95,High / Low,50,23,25,0.86,102,2544,Cristiano Ronaldo,Centre-Forward,"100,00 Mill. ?","32,002"
27,12,14,2,6,2,1185,,Real Madrid,29,Germany,"80,00 Mill. ",73,81,50,88,70,90,81,Medium / Medium,54,11.1,3,0.1,833,2500,Toni Kroos,Central Midfield,"70,00 Mill. ?","2,138"
28,3,5,1,0,4,498,,Real Madrid,19,Wales,"75,00 Mill. ",57,86,94,84,76,89,87,High / Medium,33,3.5,7,0.37,204,1428,Gareth Bale,Right Wing,"80,00 Mill. ?","4,811"
30,5,11,3,0,2,883,,Real Madrid,29,France,"50,00 Mill. ",22,83,80,80,77,87,85,Medium / Low,45,11.5,11,0.38,174,1913,Karim Benzema,Centre-Forward,"60,00 Mill. ?","3,270"
21,2,9,3,4,4,889,,Real Madrid,23,Spain,"50,00 Mill. ",39,83,78,83,61,84,79,Medium / Medium,63,6.5,3,0.13,359,1077,Marco Asensio,Left Wing,"30,00 Mill. ?","4,257"
25,5,10,0,3,0,900,,Real Madrid,23,Spain,"45,00 Mill. ",82,79,82,73,78,84,45,High / Medium,24,2,0,0,,2014,Daniel Carvajal,Right-Back,"32,00 Mill. ?",10
32,2,12,0,6,0,1049,,Real Madrid,25,Croatia,"40,00 Mill. ",72,89,73,86,65,89,75,High / Medium,34,4.3,1,0.04,1.892,1892,Luka Modric,Central Midfield,"40,00 Mill. ?",20
25,0,14,0,6,3,1202,,Real Madrid,25,Brazil,"40,00 Mill. ",84,72,62,74,86,85,68,Medium / High,50,5.5,4,0.16,427,1707,Casemiro,Defensive Midfield,"30,00 Mill. ?","1,837"
31,0,13,1,6,0,1125,,Real Madrid,28,Spain,"40,00 Mill. ",88,72,76,71,83,90,63,High / Medium,45,7.4,7,0.25,356,2489,Sergio Ramos,Centre-Back,"40,00 Mill. ?","4,272"
29,10,13,1,5,1,1129,,Real Madrid,30,Brazil,"40,00 Mill. ",82,85,78,80,79,87,69,High / Medium,50,11.5,2,0.07,1.139,2277,Marcelo,Left-Back,"38,00 Mill. ?",62
24,2,11,0,4,0,945,,Real Madrid,23,France,"40,00 Mill. ",84,65,79,61,79,85,45,Medium / High,38,3.5,1,0.04,1.927,1927,Raphaël Varane,Centre-Back,"35,00 Mill. ?",991
23,3,1,0,0,0,156,,Real Madrid,27,Croatia,"25,00 Mill. ",61,84,81,82,69,82,69,High / Medium,6,2,1,0.04,1.688,1688,Mateo Kovacic,Central Midfield,"25,00 Mill. ?",6
27,3,10,0,6,1,1015,,Real Madrid,28,Spain,"20,00 Mill. ",81,64,76,65,78,81,37,Medium / Medium,50,7,2,0.07,1.151,2301,Nacho Fernández,Centre-Back,"15,00 Mill. ?",1
21,2,2,0,1,2,186,,Real Madrid,30,Spain,"17,00 Mill. ",70,80,68,76,64,78,61,Medium / Medium,21,2,2,0.07,1.168,2335,Dani Ceballos,Central Midfield,"17,00 Mill. ?","1,191"
20,4,3,0,1,0,296,,Real Madrid,32,France,"20,00 Mill. ",72,74,84,63,76,75,56,Medium / Medium,12,2,1,0.03,2.726,2726,Theo Hernández,Left-Back,"20,00 Mill. ?","1,823"
31,0,10,0,4,0,900,5,Real Madrid,27,Costa Rica,"18,00 Mill. ",54,85,87,72,80,85,82,No,38,3,0,0,,2430,Keylor Navas,Keeper,"18,00 Mill. ?","1,509"
20,1,3,0,2,0,270,,Real Madrid,25,Spain,"15,00 Mill. ",79,63,73,56,70,77,41,Low / High,15,2,1,0.04,2055,2055,Jesús Vallejo,Centre-Back,"15,00 Mill. ?",861
26,9,5,1,1,1,566,,Real Madrid,33,Spain,"15,00 Mill. ",38,82,81,81,67,82,75,High / High,32,5.8,2,0.06,692,1383,Lucas Vázquez,Right Wing,"15,00 Mill. ?","1,070"
22,2,2,0,0,0,237,,Real Madrid,32,Spain,"15,00 Mill. ",71,70,55,72,71,77,48,Medium / Medium,9,2,0,0,,2805,Marcos Llorente,Defensive Midfield,"15,00 Mill. ?",731
20,0,1,0,0,1,119,,Real Madrid,19,Spain,"7,50 Mill. ",18,69,74,57,52,72,72,High / Medium,14,2,2,0.105,184,374,Borja Mayoral,Centre-Forward,"2,50 Mill. ?",780
31,0,7,0,3,0,630,5,Real Madrid,11,Spain,"6,00 Mill. ",32,77,75,80,82,80,83,No,30,2,0,0,,990,Kiko Casilla,Keeper,"6,00 Mill. ?",571
19,8,5,0,2,1,426,,Real Madrid,28,Morocco,"5,00 Mill. ",64,69,77,65,70,70,59,High / Medium,25,2.5,1,0.035,2304,2304,Achraf Hakimi,Right-Back,300 Th. ?,912
30,4,17,2,0,10,1529,,Celta de Vigo,32,Spain,"18,00 Mill. ",33,89,84,80,69,86,88,High / High,80,16,19,0.59,122,2318,Iago Aspas,Right Wing,"18,00 Mill. ?",796
22,4,18,11,3,1,1477,,Celta de Vigo,30,Denmark,"15,00 Mill. ",52,79,84,64,66,74,72,High / Medium,82,9.5,3,0.1,555,1664,Pione Sisto,Left Wing,"5,00 Mill. ?",394
21,3,17,2,0,8,1448,,Celta de Vigo,12,Uruguay,"12,00 Mill. ",24,63,66,57,68,70,69,Medium / Medium,70,8,10,0.83,98,980,Maximiliano Gómez,Centre-Forward,"4,00 Mill. ?",11
26,1,16,2,3,0,1401,,Celta de Vigo,23,Spain,"10,00 Mill. ",77,74,74,70,76,80,40,High / Medium,43,6,2,0.09,994,1988,Hugo Mallo,Right-Back,"8,00 Mill. ?",78
28,4,17,5,3,4,1494,,Celta de Vigo,32,Denmark,"10,00 Mill. ",70,84,78,86,74,83,80,Medium / Medium,78,10.1,3,0.09,798,2394,Daniel Wass,Central Midfield,"10,00 Mill. ?",155
25,0,12,0,1,2,1000,,Celta de Vigo,25,Spain,"8,00 Mill. ",78,63,43,64,73,77,41,High / Medium,42,5,0,0,,1904,Sergi Gómez,Centre-Back,"6,00 Mill. ?",89
20,3,1,0,0,1,242,,Celta de Vigo,12,Turkey,"5,00 Mill. ",25,83,85,55,51,70,62,High / Low,16,2.5,1,0.08,475,475,Emre Mor,Right Wing,"5,00 Mill. ?",917
31,0,11,0,1,2,1059,,Celta de Vigo,26,Chile,"5,00 Mill. ",42,78,71,73,58,74,70,Medium / Medium,41,6,1,0.04,1.897,1897,Pablo Hernández,Central Midfield,"6,00 Mill. ?",6
24,1,3,0,0,0,325,,Celta de Vigo,31,Serbia,"5,00 Mill. ",76,70,50,67,74,78,68,High / Medium,11,2.5,1,0.03,2.42,2420,Nemanja Radoja,Defensive Midfield,"8,00 Mill. ?",90
25,2,8,0,0,0,107,,Celta de Vigo,23,Sweden,"5,00 Mill. ",30,76,65,65,75,78,80,High / Medium,8,8,4,0.17,267,1066,John Guidetti,Centre-Forward,"8,00 Mill. ?",672
32,1,13,1,3,1,1235,,Celta de Vigo,25,Argentina,"4,00 Mill. ",81,57,42,56,78,80,31,Medium / Medium,47,6,2,0.08,1.09,2179,Gustavo Cabral,Centre-Back,"4,00 Mill. ?",59
26,2,10,2,2,0,808,,Celta de Vigo,19,Spain,"3,50 Mill. ",66,74,66,72,65,77,72,Medium / Medium,30,5,2,0.11,547,1093,Jozabed Sánchez,Central Midfield,"3,50 Mill. ?",0
28,1,9,1,2,1,814,,Celta de Vigo,17,Spain,"3,50 Mill. ",79,61,31,67,67,78,48,Medium / Medium,34,3,1,0.06,1.462,1462,Andreu Fontàs,Centre-Back,"2,50 Mill. ?",88
31,0,6,0,1,0,575,5,Celta de Vigo,26,Spain,"2,50 Mill. ",44,80,77,75,78,77,72,No,16,2,0,0,,2340,Sergio Álvarez,Keeper,"5,00 Mill. ?",2
30,0,2,0,0,0,224,,Celta de Vigo,32,Argentina,"3,00 Mill. ",78,64,67,68,72,77,53,Medium / High,5,2,2,0.06,1.358,2716,Facundo Roncaglia,Centre-Back,"5,00 Mill. ?",119
22,0,12,0,2,0,1080,2,Celta de Vigo,11,Spain,"2,50 Mill. ",54,71,79,69,75,75,74,No,30,3.5,0,0,,990,Rubén Blanco,Keeper,"1,50 Mill. ?",25
22,0,0,0,0,0,12,,Celta de Vigo,7,Denmark,"1,00 Mill. ",45,69,79,64,66,67,62,Medium / Medium,2,2,1,0.14,259,259,Andrew Hjulsager,Central Midfield,"1,20 Mill. ?",93
26,2,15,0,0,8,1269,,Villarreal CF,26,DR Congo,"25,00 Mill. ",40,84,90,78,79,84,83,Medium / Medium,67,9.5,10,0.38,157,1567,Cédric Bakambu,Centre-Forward,"16,00 Mill. ?",392
27,3,14,1,6,1,1275,,Villarreal CF,36,Spain,"16,00 Mill. ",80,73,81,70,81,81,70,High / Medium,58,13.5,0,0,,3240,Mario Gaspar,Right-Back,"16,00 Mill. ?",3
28,1,15,1,7,0,1350,,Villarreal CF,28,Spain,"14,00 Mill. ",83,61,58,64,81,82,42,Medium / Medium,53,7,1,0.04,2.367,2367,Víctor Ruiz,Centre-Back,"14,00 Mill. ?",3
26,4,3,1,0,3,300,,Villarreal CF,32,Italy,"12,00 Mill. ",40,86,85,80,73,82,85,Medium / Medium,29,5.2,8,0.25,266,2131,Nicola Sansone,Centre-Forward,"16,00 Mill. ?",219
26,7,6,0,2,0,562,,Villarreal CF,33,Italy,"12,00 Mill. ",63,80,77,80,73,80,77,Medium / Medium,21,9,10,0.3,247,2467,Roberto Soriano,Left Midfield,"16,00 Mill. ?",158
21,3,16,6,6,1,1435,,Villarreal CF,32,Spain,"15,00 Mill. ",69,75,61,76,65,77,66,Medium / Medium,67,11,6,0.19,446,2673,Pablo Fornals,Central Midfield,"12,00 Mill. ?",138
26,1,16,3,6,1,1371,,Villarreal CF,37,Spain,"15,00 Mill. ",65,81,73,80,69,82,74,Medium / Medium,46,13.5,5,0.14,608,3042,Manu Trigueros,Central Midfield,"15,00 Mill. ?",72
31,5,14,3,0,5,1152,,Villarreal CF,32,Colombia,"12,00 Mill. ",24,79,77,64,70,82,79,Medium / Low,62,7,13,0.4,164,2128,Carlos Bacca,Centre-Forward,"18,00 Mill. ?",844
23,0,3,0,0,0,231,,Villarreal CF,24,Portugal,"8,00 Mill. ",78,64,72,51,82,78,52,Medium / High,5,2,0,0,,2090,Rúben Semedo,Centre-Back,"14,00 Mill. ?",267
29,3,16,0,7,0,1404,,Villarreal CF,31,Spain,"9,00 Mill. ",76,74,83,71,72,79,59,High / High,53,8.9,1,0.03,2.681,2681,Jaume Costa,Left-Back,"9,00 Mill. ?",44
27,1,16,1,6,0,1406,,Villarreal CF,23,Spain,"7,50 Mill. ",76,58,70,54,76,77,30,Medium / High,48,6.5,1,0.04,1.883,1883,Álvaro González,Centre-Back,"6,00 Mill. ?",3
28,0,4,0,2,0,360,12,Villarreal CF,24,Spain,"7,50 Mill. ",59,85,86,76,82,84,83,No,18,3,0,0,,2105,Sergio Asenjo,Keeper,"7,50 Mill. ?",168
22,4,11,3,0,1,923,,Villarreal CF,33,Spain,"7,00 Mill. ",37,81,86,79,48,80,67,Medium / High,44,7.5,2,0.06,1.026,2051,Samu Castillejo,Right Wing,"7,00 Mill. ?",111
20,4,9,1,0,3,852,,Villarreal CF,32,Turkey,"6,00 Mill. ",32,72,70,61,66,74,77,High / Medium,38,4,18,0.56,152,2729,Enes Ünal,Centre-Forward,"14,00 Mill. ?",472
27,0,1,1,1,0,213,,Villarreal CF,11,Russia,"3,00 Mill. ",56,79,80,75,70,79,74,High / Low,15,2,0,0,,33,Denis Cheryshev,Left Wing,"3,00 Mill. ?",247
33,2,0,0,0,0,0,,Villarreal CF,34,Spain,"3,00 Mill. ",78,75,41,79,77,84,72,Medium / High,0,2,4,0.12,746,2984,Bruno Soriano,Defensive Midfield,"5,00 Mill. ?",135
36,0,3,0,1,0,304,,Villarreal CF,6,Italy,200 Th. ,80,48,34,52,68,77,38,Low / High,8,2,0,0,,540,Daniele Bonera,Centre-Back,200 Th. ?,155
21,2,10,3,3,2,877,,Real Betis Balompié,18,Spain,"7,50 Mill. ",70,67,54,70,61,70,64,Medium / Medium,50,5.5,1,0.055,1347,1347,Fabián Ruiz,Central Midfield,500 Th. ?,0
21,1,6,0,0,7,638,,Real Betis Balompié,22,Paraguay,"7,50 Mill. ",30,85,84,78,70,82,82,High / Medium,49,5,3,0.14,499,1496,Antonio Sanabria,Centre-Forward,"5,00 Mill. ?",275
27,9,3,1,0,1,402,,Real Betis Balompié,33,Algeria,"6,00 Mill. ",32,81,76,82,62,81,78,High / Medium,22,2.5,11,0.33,266,2925,Ryad Boudebouz,Attacking Midfield,"10,00 Mill. ?",183
26,1,16,0,4,0,1440,,Real Betis Balompié,26,Algeria,"6,00 Mill. ",78,69,68,73,72,78,46,High / Medium,39,5,2,0.08,1.108,2216,Aïssa Mandi,Centre-Back,"6,00 Mill. ?",86
30,0,18,0,4,0,1620,10,Real Betis Balompié,37,Spain,"8,00 Mill. ",55,82,80,72,81,81,83,No,47,6,0,0,,3330,Antonio Adán,Keeper,"8,00 Mill. ?",126
23,3,14,2,3,1,1253,,Real Betis Balompié,27,Denmark,"6,00 Mill. ",66,73,85,70,75,73,62,High / Medium,48,6,1,0.04,2.388,2388,Riza Durmisi,Left-Back,"6,00 Mill. ?",165
26,7,9,3,0,3,930,,Real Betis Balompié,37,Spain,"6,00 Mill. ",28,80,90,70,59,77,70,Medium / Low,46,6,4,0.1,527,2107,Cristian Tello,Left Wing,"8,00 Mill. ?",468
23,1,11,0,2,1,866,,Real Betis Balompié,31,Spain,"6,00 Mill. ",66,74,63,73,75,76,68,High / Medium,32,6.8,3,0.1,836,2507,Víctor Camarasa,Central Midfield,"7,00 Mill. ?",97
31,9,13,6,3,1,1240,,Real Betis Balompié,27,Mexico,"5,00 Mill. ",67,82,76,80,68,80,64,Medium / Medium,56,6.5,2,0.07,1138,2275,Andrés Guardado,Defensive Midfield,"6,00 Mill. ?",545
28,2,14,1,0,6,1237,,Real Betis Balompié,33,Spain,"5,00 Mill. ",34,76,76,56,69,77,78,High / Medium,56,10.5,10,0.3,240,2401,Sergio León,Centre-Forward,"3,50 Mill. ?",133
30,0,13,0,3,0,1162,,Real Betis Balompié,22,Spain,"4,00 Mill. ",77,68,65,67,81,78,63,Medium / High,34,5,1,0.04,1923,1923,Javi García,Defensive Midfield,"5,00 Mill. ?",302
28,1,11,0,2,3,1022,,Real Betis Balompié,27,Morocco,"3,00 Mill. ",78,58,55,58,76,77,49,Medium / Medium,40,2.5,2,0.07,1.123,2245,Zouhair Feddal,Centre-Back,"3,00 Mill. ?",72
25,4,1,1,0,1,89,,Real Betis Balompié,19,Costa Rica,"3,00 Mill. ",42,78,85,73,71,77,73,High / Medium,12,2,3,0.157,253,760,Joel Campbell,Right Wing,"6,00 Mill. ?",770
25,0,10,0,3,0,873,,Real Betis Balompié,17,Spain,"2,50 Mill. ",76,58,68,53,76,77,48,Low / High,17,2,0,0,,1407,Jordi Amat,Centre-Back,"2,50 Mill. ?",107
23,2,1,0,0,0,112,,Real Betis Balompié,18,Spain,"1,00 Mill. ",68,67,79,60,50,70,44,High / Medium,3,2,2,0.11,644,1288,Rafa Navarro,Right-Back,"1,50 Mill. ?",28
36,4,17,4,3,3,1408,,Real Betis Balompié,28,Spain,500 Th. ,23,86,82,81,51,82,74,High / Medium,67,8.9,3,0.11,559,1678,Joaquín,Right Wing,500 Th. ?,104
27,0,0,0,0,0,0,,Real Betis Balompié,14,Chile,"2,50 Mill. ",60,75,68,74,62,75,68,Medium / Medium,0,4.5,1,0.07,753,753,Felipe Gutiérrez,Central Midfield,"2,50 Mill. ?",79
36,3,0,0,0,0,0,,Real Betis Balompié,35,Spain,900 Th. ,23,83,78,65,64,81,80,Medium / Low,0,4.5,13,0.37,214,2782,Rubén Castro,Centre-Forward,"1,00 Mill. ?",187
29,3,10,0,3,0,820,,Sevilla FC,35,France,"30,00 Mill. ",80,71,57,73,88,83,67,Medium / Medium,28,9,2,0.06,1.533,3066,Steven N'Zonzi,Defensive Midfield,"30,00 Mill. ?",690
27,5,8,0,0,5,730,,Sevilla FC,31,France,"25,00 Mill. ",37,88,85,80,70,84,85,High / High,41,7,11,0.35,152,1668,Wissam Ben Yedder,Centre-Forward,"15,00 Mill. ?",780
25,9,10,3,3,1,936,,Sevilla FC,34,Spain,"18,00 Mill. ",35,85,80,85,58,83,80,High / Medium,47,11,8,0.24,266,2131,Pablo Sarabia,Left Wing,"15,00 Mill. ?",186
24,0,10,0,4,0,985,12,Sevilla FC,35,Spain,"20,00 Mill. ",50,83,80,78,81,81,79,No,36,5,0,0,,3150,Sergio Rico,Keeper,"20,00 Mill. ?",191
22,0,15,0,6,3,1335,,Sevilla FC,17,France,"15,00 Mill. ",78,56,73,52,75,78,33,Medium / High,66,8,0,0,,1375,Clément Lenglet,Centre-Back,"7,50 Mill. ?",193
26,9,9,0,0,3,842,,Sevilla FC,31,Colombia,"15,00 Mill. ",24,84,89,68,72,80,77,High / Low,37,4,11,0.35,205,2258,Luis Muriel,Centre-Forward,"20,00 Mill. ?",356
28,2,9,3,2,1,739,,Sevilla FC,30,Italy,"12,00 Mill. ",43,84,64,79,75,82,77,Medium / High,38,8.2,7,0.23,299,2092,Franco Vázquez,Attacking Midfield,"18,00 Mill. ?",239
27,1,11,0,3,1,993,,Sevilla FC,16,Argentina,"15,00 Mill. ",74,70,60,71,84,78,62,Medium / High,32,3.5,0,0,,1350,Guido Pizarro,Defensive Midfield,"6,00 Mill. ?",320
29,7,9,2,2,0,930,,Sevilla FC,28,Argentina,"12,00 Mill. ",66,86,71,88,70,85,75,Medium / Medium,34,4.5,6,0.21,260,1560,Éver Banega,Central Midfield,"9,00 Mill. ?",621
23,1,5,0,2,0,427,,Sevilla FC,26,Argentina,"10,00 Mill. ",33,74,73,73,60,73,70,Medium / Medium,17,2,4,0.15,327,1309,Joaquín Correa,Left Wing,"10,00 Mill. ?",403
24,0,4,1,1,0,399,,Sevilla FC,18,Germany,"8,00 Mill. ",73,69,48,81,77,77,66,Low / Medium,18,2,0,0,,1332,Johannes Geis,Defensive Midfield,"10,00 Mill. ?",133
28,3,11,1,5,0,990,,Sevilla FC,26,Spain,"7,50 Mill. ",76,71,75,73,73,79,56,High / Medium,41,4,0,0,,2281,Sergio Escudero,Left-Back,"7,50 Mill. ?",2
27,4,8,1,1,0,727,,Sevilla FC,38,France,"7,50 Mill. ",77,76,77,75,72,79,65,High / Medium,20,2,1,0.026,3418,3418,Sébastien Corchia,Right-Back,"7,50 Mill. ?",167
31,2,8,4,0,2,770,,Sevilla FC,19,Spain,"6,00 Mill. ",39,80,72,76,67,79,78,High / Low,44,4.5,4,0.21,194,776,Nolito,Left Wing,"9,00 Mill. ?",770
32,2,11,0,4,1,1010,,Sevilla FC,24,Spain,"6,00 Mill. ",28,81,88,73,50,78,65,Medium / Medium,37,5,0,0,,1056,Jesús Navas,Right Wing,"9,00 Mill. ?",940
30,1,10,1,6,0,869,,Sevilla FC,29,Argentina,"5,00 Mill. ",75,60,75,64,81,76,54,Medium / Medium,42,4,3,0.1,729,2186,Gabriel Mercado,Right-Back,"5,00 Mill. ?",223
28,1,6,0,4,2,457,,Sevilla FC,10,Brazil,"3,50 Mill. ",38,80,35,84,63,80,75,Medium / Low,31,2,2,0.2,243,485,Ganso,Attacking Midfield,"5,00 Mill. ?",9
24,0,7,0,2,0,545,1,Sevilla FC,1,Spain,"3,00 Mill. ",49,71,76,58,78,73,67,No,23,2,0,0,,90,David Soria,Keeper,"1,50 Mill. ?",76
26,3,5,1,1,0,450,,Sevilla FC,25,France,"3,00 Mill. ",71,73,83,65,77,74,40,High / Medium,17,2,0,0,,2198,Lionel Carole,Left-Back,"3,25 Mill. ?",104
29,0,3,0,2,0,270,,Sevilla FC,6,Portugal,"1,50 Mill. ",80,64,57,68,78,80,53,Medium / Medium,13,2,0,0,,554,Daniel Carriço,Centre-Back,"2,00 Mill. ?",132
33,1,2,0,2,0,135,,Sevilla FC,27,Argentina,"1,00 Mill. ",79,66,38,70,69,79,60,Medium / Medium,12,2,1,0.04,2.165,2165,Nicolás Pareja,Centre-Back,"1,00 Mill. ?",140
27,1,15,0,5,0,1317,,SD Eibar,36,Spain,"5,00 Mill. ",73,71,48,74,80,81,58,Medium / High,35,10.5,1,0.03,3.185,3185,Dani García,Central Midfield,"5,00 Mill. ?",0
27,7,12,1,0,3,1155,,SD Eibar,38,Spain,"5,00 Mill. ",42,75,66,69,79,80,77,High / High,45,13.1,11,0.29,257,2829,Sergi Enrich,Centre-Forward,"10,00 Mill. ?",97
25,3,17,1,5,0,1446,,SD Eibar,31,Spain,"5,00 Mill. ",72,76,86,69,84,78,63,High / High,52,7.5,0,0,,2553,Ander Capa,Right-Back,"5,00 Mill. ?",48
29,4,16,1,4,2,1300,,SD Eibar,28,Japan,"3,50 Mill. ",44,91,88,79,66,82,76,Medium / Medium,54,8,3,0.11,696,2089,Takashi Inui,Left Wing,"3,00 Mill. ?",178
25,0,15,0,5,0,1350,,SD Eibar,13,Portugal,"3,00 Mill. ",79,62,68,50,79,78,35,Medium / High,45,5,0,0,,917,Paulo Oliveira,Centre-Back,"4,00 Mill. ?",55
31,6,0,0,0,0,0,,SD Eibar,37,Spain,"2,50 Mill. ",40,81,67,83,62,80,76,High / Low,0,3.8,10,0.27,301,3011,Pedro León,Right Wing,"5,00 Mill. ?",127
28,3,12,0,0,1,998,,SD Eibar,24,Spain,"2,50 Mill. ",32,71,70,59,75,76,74,Medium / Medium,32,5.5,7,0.29,220,1538,Kike,Centre-Forward,"3,00 Mill. ?",859
24,3,8,0,2,1,724,,SD Eibar,30,Argentina,"2,50 Mill. ",77,72,67,69,79,78,61,Medium / High,27,4,2,0.07,1.01,2019,Gonzalo Escalante,Central Midfield,"5,00 Mill. ?",38
31,3,0,0,0,1,19,,SD Eibar,23,Chile,"2,00 Mill. ",32,83,80,76,50,80,73,High / Medium,6,2,3,0.13,590,1771,Fabián Orellana,Right Wing,"3,00 Mill. ?",212
30,0,4,0,0,0,345,,SD Eibar,21,Spain,"1,50 Mill. ",75,57,36,64,79,75,59,Medium / Medium,5,2,1,0.05,1.84,1840,David Lombán,Centre-Back,"2,50 Mill. ?",30
27,3,3,0,0,0,343,,SD Eibar,20,Portugal,"1,50 Mill. ",28,74,83,69,78,74,73,Medium / Low,13,2,3,0.15,227,681,Bebé,Left Wing,"2,50 Mill. ?",411
22,1,7,3,2,1,557,,SD Eibar,28,Spain,"1,50 Mill. ",43,70,80,63,61,68,57,Medium / Medium,35,3.5,1,0.0357,1431,1431,Iván Alejo,Right Wing,300 Th. ?,18
33,1,8,1,0,5,720,,SD Eibar,21,Brazil,"1,50 Mill. ",65,83,79,87,75,81,78,Medium / Medium,49,5.5,3,0.14,378,1135,Charles,Centre-Forward,"1,50 Mill. ?",303
30,1,0,0,0,0,0,,SD Eibar,17,Spain,"1,00 Mill. ",70,70,58,76,71,76,66,Medium / Medium,0,2,2,0.12,613,1226,Fran Rico,Central Midfield,"2,50 Mill. ?",26
26,0,3,0,1,0,376,,SD Eibar,28,Spain,"1,00 Mill. ",57,75,86,65,64,73,70,Medium / Medium,16,2.5,1,0.04,1.05,1050,Rubén Peña,Right Wing,"1,50 Mill. ?",21
33,0,4,0,2,0,342,,SD Eibar,22,Spain,500 Th. ,77,59,38,63,83,77,61,Medium / High,14,2,3,0.14,574,1721,Iván Ramis,Centre-Back,"1,00 Mill. ?",33
29,1,12,1,0,2,1110,,Deportivo de La Coruña,1,Spain,"10,00 Mill. ",31,80,81,76,71,81,82,High / Medium,47,7,1,1,90,90,Lucas Pérez,Centre-Forward,"15,00 Mill. ?","1,017"
28,0,14,1,2,1,1215,,Deportivo de La Coruña,29,Brazil,"6,00 Mill. ",80,68,51,59,81,80,50,High / Medium,38,4.5,1,0.03,2.491,2491,Sidnei,Centre-Back,"6,00 Mill. ?",1
29,0,16,1,3,3,1365,,Deportivo de La Coruña,34,Costa Rica,"5,00 Mill. ",76,73,61,73,74,78,77,High / Medium,55,9.5,6,0.18,454,2724,Celso Borges,Central Midfield,"5,00 Mill. ?",109
26,1,17,0,3,0,1446,,Deportivo de La Coruña,30,Brazil,"4,00 Mill. ",77,60,79,53,83,77,33,Low / High,34,6.5,2,0.07,1.141,2281,Guilherme,Defensive Midfield,"4,00 Mill. ?",24
24,3,7,2,0,4,769,,Deportivo de La Coruña,37,Romania,"4,00 Mill. ",45,75,78,62,80,79,78,High / High,38,9.5,12,0.32,242,2901,Florin Andone,Centre-Forward,"5,00 Mill. ?",215
29,1,8,2,0,3,780,,Deportivo de La Coruña,15,Spain,"3,50 Mill. ",27,80,66,67,63,75,73,Medium / Medium,38,3.5,2,0.13,338,676,Adrián López,Centre-Forward,"3,50 Mill. ?",222
26,9,8,1,2,0,634,,Deportivo de La Coruña,33,Turkey,"4,00 Mill. ",44,81,73,78,48,79,75,Medium / Medium,25,5.5,3,0.09,825,2475,Emre Colak,Attacking Midfield,"7,50 Mill. ?",1
26,0,15,1,2,2,1320,,Deportivo de La Coruña,6,Switzerland,"3,00 Mill. ",74,67,56,70,75,75,63,High / Medium,44,4.5,0,0,,282,Fabian Schär,Centre-Back,"2,50 Mill. ?",151
29,0,5,1,0,0,466,,Deportivo de La Coruña,23,Spain,"2,00 Mill. ",70,70,56,75,75,78,59,Medium / Medium,15,2,3,0.13,518,1555,Pedro Mosquera,Central Midfield,"4,00 Mill. ?",38
21,1,6,0,0,0,502,,Deportivo de La Coruña,18,Belgium,"1,80 Mill. ",17,79,87,65,38,72,70,Medium / Medium,16,2,1,0.06,274,274,Zakaria Bakkali,Left Wing,"2,00 Mill. ?",217
29,1,4,0,1,0,405,,Deportivo de La Coruña,27,Spain,"1,50 Mill. ",74,42,35,52,82,74,47,Medium / Medium,9,2.5,1,0.04,2.336,2336,Raúl Albentosa,Centre-Back,"3,00 Mill. ?",35
30,0,6,0,1,0,540,1,Deportivo de La Coruña,2,Romania,"1,50 Mill. ",48,77,73,67,78,76,76,No,17,2,0,0,,81,Costel Pantilimon,Keeper,"3,00 Mill. ?",240
32,2,13,1,2,1,1182,,Deportivo de La Coruña,26,Portugal,"1,50 Mill. ",76,76,70,73,65,77,53,High / Medium,33,3.5,0,0,,1907,Luisinho,Left-Back,"1,80 Mill. ?",2
25,4,4,0,1,0,330,,Deportivo de La Coruña,23,Spain,"1,50 Mill. ",39,79,70,78,55,78,69,High / Low,12,2.5,1,0.04,1.41,1410,Carles Gil,Right Wing,"2,50 Mill. ?",130
24,3,1,0,0,0,96,,Deportivo de La Coruña,33,Spain,500 Th. ,63,76,92,63,66,71,36,High / Medium,2,2,0,0,,2484,Gerard Valentín,Right-Back,"1,00 Mill. ?",20
35,0,5,0,1,0,475,,Deportivo de La Coruña,25,Spain,300 Th. ,66,68,85,64,61,71,58,High / High,12,2,0,0,,2050,Fernando Navarro,Left-Back,500 Th. ?,75
28,1,0,0,0,0,31,,Getafe CF,13,Ecuador,"2,00 Mill. ",31,81,90,73,65,78,68,High / High,3,2,0,0,,373,Jefferson Montero,Left Wing,"4,50 Mill. ?",196
25,2,4,0,1,1,331,,Getafe CF,12,Japan,"1,50 Mill. ",70,76,71,74,65,75,65,High / Medium,17,2,1,0.08,768,768,Gaku Shibasaki,Central Midfield,"2,00 Mill. ?",209
27,0,1,0,1,0,98,,Getafe CF,16,Spain,800 Th. ,78,46,37,48,81,77,33,Medium / Medium,9,2,1,0.06,1.33,1330,Bruno González,Centre-Back,"1,00 Mill. ?",1
29,0,0,0,0,0,0,,Getafe CF,22,Argentina,600 Th. ,71,55,68,60,74,72,50,Medium / Medium,0,2,1,0.03,1667,1667,Nicolás Gorosito,Centre-Back,800 Th. ?,0
35,6,17,2,0,2,1471,,Getafe CF,39,Spain,500 Th. ,37,60,32,57,81,73,76,Medium / Medium,57,7.5,20,0.51,162,3235,Jorge Molina,Centre-Forward,500 Th. ?,3
38,0,2,0,1,0,341,,Getafe CF,19,Spain,100 Th. ,60,61,41,76,68,70,63,Medium / Medium,17,3,0,0,,1624,Sergio Mora,Central Midfield,100 Th. ?,198
28,1,14,0,10,0,1184,,CD Leganés,30,Spain,"5,00 Mill. ",70,66,57,68,77,75,56,Medium / Medium,39,4.5,0,0,,2315,Rubén Pérez,Defensive Midfield,"2,50 Mill. ?",6
29,2,13,2,6,1,1064,,CD Leganés,28,Argentina,"4,00 Mill. ",39,77,88,72,62,78,72,High / Medium,50,6.5,8,0.29,255,2039,Alexander Szymanowski,Left Wing,"5,00 Mill. ?",77
30,3,6,3,0,0,577,,CD Leganés,29,Morocco,"3,00 Mill. ",57,81,81,76,72,79,75,High / Medium,26,3,0,0,,2100,Nordin Amrabat,Right Wing,"4,50 Mill. ?",267
29,2,10,0,0,2,943,,CD Leganés,13,Guadeloupe,"3,00 Mill. ",44,72,70,68,58,74,72,Medium / Low,33,5,1,0.08,652,652,Claudio Beauvue,Centre-Forward,"3,00 Mill. ?",125
29,0,10,1,5,0,857,,CD Leganés,16,Greece,"2,50 Mill. ",76,62,39,55,83,75,44,Medium / High,35,3,1,0.06,1.392,1392,Dimitrios Siovas,Centre-Back,"3,00 Mill. ?",0
31,4,7,0,6,1,809,,CD Leganés,26,Morocco,"2,00 Mill. ",34,78,74,71,62,75,73,Medium / Low,35,5,4,0.15,508,2032,Nabil El Zhar,Right Wing,"2,00 Mill. ?",131
24,0,11,0,6,1,990,,CD Leganés,25,Spain,"2,00 Mill. ",74,67,76,69,78,76,56,Medium / Medium,45,3.5,1,0.04,2.222,2222,Diego Rico,Left-Back,"2,00 Mill. ?",15
25,1,6,0,3,0,436,,CD Leganés,25,Serbia,"2,00 Mill. ",62,67,62,69,73,73,66,Medium / High,17,2,1,0.04,1.628,1628,Darko Brasanac,Central Midfield,"4,00 Mill. ?",1
27,1,5,0,0,1,476,,CD Leganés,31,Spain,"1,20 Mill. ",36,68,70,61,68,74,73,High / Medium,14,2.5,5,0.16,429,2146,Miguel Ángel Guerrero,Centre-Forward,"1,50 Mill. ?",26
28,4,8,0,4,0,739,,CD Leganés,36,Spain,"1,00 Mill. ",66,77,57,82,76,81,76,High / Medium,33,3,10,0.28,288,2884,Raúl García,Left-Back,"1,00 Mill. ?",5
33,0,5,0,3,1,450,,CD Leganés,31,Argentina,500 Th. ,74,60,39,56,82,75,42,High / Medium,27,2,1,0.03,2.698,2698,Martín Mantovani,Centre-Back,800 Th. ?,46
22,3,13,3,0,3,1164,,Deportivo Alavés,33,Spain,"9,00 Mill. ",27,79,81,62,56,75,74,High / Medium,51,8.5,6,0.18,339,2032,Munir El Haddadi,Centre-Forward,"9,00 Mill. ?",982
21,8,13,2,4,0,1225,,Deportivo Alavés,23,Spain,"3,50 Mill. ",47,74,77,66,62,72,69,Medium / Medium,40,6,6,0.26,304,1823,Alfonso Pedraza,Left Wing,"1,00 Mill. ?",149
28,3,12,2,3,3,997,,Deportivo Alavés,29,Spain,"3,00 Mill. ",57,86,81,83,73,81,83,High / Medium,56,8.5,5,0.17,366,1828,Ibai Gómez,Left Wing,"2,00 Mill. ?",74
24,0,13,0,2,0,1170,,Deportivo Alavés,10,Brazil,"3,00 Mill. ",75,53,68,38,78,74,26,Medium / High,27,3.5,1,0.1,788,788,Rodrigo Ely,Centre-Back,"3,00 Mill. ?",132
23,0,9,0,2,1,826,,Deportivo Alavés,16,Spain,"2,00 Mill. ",63,72,61,77,56,74,68,Medium / Medium,29,2.5,2,0.13,473,946,Álvaro Medrán,Central Midfield,"2,50 Mill. ?",109
31,1,14,0,4,1,1256,,Deportivo Alavés,25,Spain,"1,80 Mill. ",29,76,74,67,40,69,57,High / Medium,33,5,3,0.12,662,1987,Manu García,Defensive Midfield,"1,50 Mill. ?",1
28,1,0,0,0,0,0,,Deportivo Alavés,26,Spain,"1,50 Mill. ",76,48,63,53,82,76,40,Medium / High,0,2,2,0.08,1.075,2149,Víctor Laguardia,Centre-Back,"3,00 Mill. ?",21
24,4,7,0,2,1,598,,Deportivo Alavés,32,Spain,"1,50 Mill. ",31,75,78,70,60,75,67,Medium / Low,27,4,2,0.06,996,1992,Burgui,Left Wing,"3,00 Mill. ?",128
29,1,5,0,0,2,472,,Deportivo Alavés,21,Venezuela,"1,50 Mill. ",37,69,62,68,67,73,75,Medium / Medium,18,2,3,0.14,276,827,Christian Santos,Centre-Forward,"1,50 Mill. ?",70
26,3,0,0,0,0,52,,Deportivo Alavés,20,Serbia,"1,00 Mill. ",36,78,65,73,64,74,74,Medium / Low,3,2,3,0.15,257,770,Aleksandar Katai,Right Wing,"2,00 Mill. ?",112
27,1,8,0,1,0,673,,Deportivo Alavés,11,Ghana,"1,00 Mill. ",63,74,89,71,78,75,64,High / High,17,2,1,0.09,869,869,Mubarak Wakaso,Central Midfield,"1,00 Mill. ?",167
25,1,3,0,0,0,294,,Deportivo Alavés,11,Spain,500 Th. ,27,78,81,58,62,70,64,Medium / Medium,11,2,2,0.18,251,501,Rubén Sobrino,Centre-Forward,500 Th. ?,93
26,2,0,0,0,0,15,,Deportivo Alavés,13,Spain,400 Th. ,68,73,79,61,68,71,45,High / Medium,1,2,0,0,,913,Héctor Hernández,Left-Back,600 Th. ?,6
28,0,14,2,1,0,1243,,Girona FC,11,Colombia,"7,00 Mill. ",75,51,54,59,77,76,44,Medium / High,33,5,0,0,,975,Bernardo Espinosa,Centre-Back,"4,50 Mill. ?",120
25,8,16,1,2,6,1346,,Girona FC,41,Spain,"5,00 Mill. ",61,76,79,71,73,75,73,Medium / Medium,72,8.5,8,0.19,405,3240,Portu,Attacking Midfield,"1,80 Mill. ?",48
19,0,1,0,0,0,259,,Girona FC,11,Brazil,"5,00 Mill. ",72,72,74,71,71,73,64,Medium / Medium,9,2,0,0,,259,Douglas Luiz,Central Midfield,"6,00 Mill. ?",229
31,0,15,0,0,8,1287,,Girona FC,23,Uruguay,"5,00 Mill. ",46,71,69,67,78,76,75,Medium / Low,60,6.5,4,0.17,340,1359,Cristhian Stuani,Centre-Forward,"3,50 Mill. ?",291
25,0,10,1,2,0,870,,Girona FC,10,Spain,"4,00 Mill. ",76,67,58,64,72,76,43,Medium / Medium,29,2,1,0.1,647,647,Marc Muniesa,Centre-Back,"3,00 Mill. ?",190
20,1,16,1,3,0,1348,,Girona FC,14,Spain,"5,00 Mill. ",80,80,85,75,74,78,62,Medium / Medium,42,5.5,1,0.071,1112,1112,Pablo Maffeo,Right-Back,500 Th. ?,292
24,4,2,1,0,0,360,,Girona FC,33,Nigeria,"3,00 Mill. ",36,74,92,57,60,73,70,Medium / Medium,15,2,17,0.51,142,2407,Olarenwaju Kayode,Centre-Forward,"4,00 Mill. ?",233
28,1,5,0,1,2,451,,Girona FC,24,Spain,"2,00 Mill. ",71,67,52,74,78,77,61,Medium / High,22,2.5,2,0.08,938,1875,David Timor,Defensive Midfield,"2,00 Mill. ?",21
21,0,0,0,0,0,28,,Girona FC,18,Colombia,500 Th. ,24,77,88,63,52,72,64,High / High,2,2,0,0,,792,Marlos Moreno,Left Wing,"1,00 Mill. ?",340
24,0,0,0,0,0,0,,Girona FC,2,Algeria,400 Th. ,36,74,79,66,51,70,65,High / Medium,0,2,0,0,,18,Farid Boulaya,Attacking Midfield,800 Th. ?,30
32,0,0,0,0,0,0,,Girona FC,16,Spain,200 Th. ,55,68,45,66,66,67,61,Medium / Medium,0,2,0,0,,623,Eloi Amagat,Attacking Midfield,400 Th. ?,29
25,0,6,0,0,1,703,,Málaga CF,18,Spain,"5,00 Mill. ",28,71,62,59,74,78,78,Medium / Low,22,3,1,0.05,546,546,Borja Bastón,Centre-Forward,"8,00 Mill. ?",54
24,0,9,0,0,3,770,,Málaga CF,29,Uruguay,"6,00 Mill. ",31,77,75,72,64,77,75,High / Medium,32,3,9,0.31,196,1764,Diego Rolán,Centre-Forward,"8,00 Mill. ?",183
29,2,16,0,2,1,1415,,Málaga CF,32,Venezuela,"3,50 Mill. ",78,84,81,78,77,81,67,High / Medium,39,8,1,0.03,2.861,2861,Roberto Rosales,Right-Back,"5,00 Mill. ?",56
26,2,15,1,2,0,1343,,Málaga CF,18,Spain,"3,50 Mill. ",72,73,56,75,73,77,66,Medium / Medium,30,4,3,0.17,453,1358,Recio,Central Midfield,"3,50 Mill. ?",1
29,1,14,0,2,1,1192,,Málaga CF,28,Spain,"3,00 Mill. ",64,76,62,75,67,76,70,High / Low,31,4,7,0.25,219,1531,Adrián González,Central Midfield,"3,00 Mill. ?",14
26,3,9,2,2,0,684,,Málaga CF,22,Spain,"2,50 Mill. ",43,80,79,78,64,79,69,Medium / High,30,2.5,0,0,,1052,Keko,Right Wing,"3,00 Mill. ?",2
20,3,1,0,0,0,345,,Málaga CF,18,Spain,"2,50 Mill. ",25,74,72,70,40,71,68,Medium / Low,9,2,2,0.11,413,825,Javier Ontiveros,Right Wing,"3,00 Mill. ?",39
22,0,9,0,2,1,726,,Málaga CF,3,Spain,"1,50 Mill. ",73,53,68,57,75,73,28,Medium / Medium,26,2.5,0,0,,31,Diego González,Centre-Back,"1,50 Mill. ?",3
26,1,1,0,0,0,214,,Málaga CF,24,Spain,"1,50 Mill. ",46,77,84,76,66,78,72,High / Medium,5,2,2,0.08,625,1250,Jony,Left Wing,"2,50 Mill. ?",6
33,3,10,1,2,3,822,,Málaga CF,29,Uruguay,"1,50 Mill. ",37,80,72,71,57,75,70,Medium / Medium,40,4,1,0.03,1.792,1792,Chory Castro,Left Wing,"1,50 Mill. ?",59
20,1,1,0,0,0,217,,Málaga CF,13,Morocco,800 Th. ,30,68,76,49,51,69,68,Medium / Medium,9,2.5,1,0.08,322,322,Youssef En-Nesyri,Centre-Forward,"1,00 Mill. ?",75
25,1,2,0,0,0,180,,Málaga CF,33,Spain,700 Th. ,69,58,66,53,73,69,28,Low / High,3,3.5,2,0.06,1427,2853,Ignasi Miquel,Centre-Back,700 Th. ?,71
33,1,0,0,0,0,0,,Málaga CF,15,Chile,"1,50 Mill. ",69,67,61,64,71,72,45,Medium / High,0,4.5,0,0,,1350,Manuel Iturra,Defensive Midfield,"1,50 Mill. ?",25
30,0,0,0,0,0,0,,Levante UD,8,Spain,"2,00 Mill. ",79,74,75,70,72,80,63,High / Medium,0,4.5,1,0.125,629,629,Coke,Right-Back,"3,00 Mill. ?",324
22,7,12,0,4,4,1082,,Levante UD,29,Macedonia,"5,00 Mill. ",33,77,72,72,56,74,69,High / Medium,50,6,12,0.41,176,2111,Enis Bardhi,Attacking Midfield,"1,50 Mill. ?",159
26,5,5,1,2,0,526,,Levante UD,26,Spain,"1,50 Mill. ",71,70,73,66,78,75,61,Medium / Medium,19,2,1,0.04,2.117,2117,Antonio Luna,Left-Back,"2,00 Mill. ?",661
25,2,8,0,0,0,632,,Levante UD,25,Spain,"1,00 Mill. ",27,70,57,51,69,75,74,Medium / Medium,18,2,3,0.12,477,1431,Alex Alegría,Centre-Forward,"2,00 Mill. ?",0
24,1,3,1,1,0,175,,Levante UD,17,Spain,600 Th. ,31,72,82,64,63,71,68,Medium / Medium,13,2,0,0,,785,Iván López,Right-Back,800 Th. ?,1
34,1,9,0,3,0,785,,Levante UD,34,Spain,400 Th. ,61,43,53,42,62,60,31,Medium / Medium,27,2.5,0,0,,2825,Pedro López,Right-Back,500 Th. ?,4
24,1,0,0,0,0,0,,UD Las Palmas,17,Spain,"2,00 Mill. ",32,78,86,71,56,76,68,Medium / Medium,0,4.5,2,0.11,471,941,Jairo Samperio,Left Wing,"3,00 Mill. ?",35
28,8,16,3,2,2,1364,,UD Las Palmas,31,Spain,"8,00 Mill. ",52,86,80,81,68,82,75,High / Low,54,11.3,7,0.23,369,2585,Jonathan Viera,Attacking Midfield,"10,00 Mill. ?",184
30,0,5,0,0,4,671,,UD Las Palmas,5,France,"8,00 Mill. ",33,73,76,65,69,77,76,Medium / Medium,32,3.5,0,0,,131,Loïc Rémy,Centre-Forward,"9,00 Mill. ?","1,060"
22,0,13,0,2,0,1217,,UD Las Palmas,23,Uruguay,"6,00 Mill. ",78,70,70,57,74,77,54,High / Medium,25,3.5,5,0.22,370,1850,Mauricio Lemos,Centre-Back,"10,00 Mill. ?",156
24,0,16,0,0,3,1439,,UD Las Palmas,16,Argentina,"5,00 Mill. ",39,75,74,61,70,75,73,High / Medium,47,6.5,1,0.0625,531,531,Jonathan Calleri,Centre-Forward,"5,00 Mill. ?",311
27,1,10,0,1,0,805,,UD Las Palmas,32,Spain,"3,00 Mill. ",78,56,72,60,76,78,52,High / High,16,2.5,4,0.13,663,2651,Pedro Bigas,Centre-Back,"5,00 Mill. ?",21
29,1,6,0,1,0,580,,UD Las Palmas,29,Spain,"3,00 Mill. ",75,71,46,74,71,79,62,Medium / Medium,18,2.5,2,0.07,1.161,2321,Vicente Gómez,Defensive Midfield,"3,50 Mill. ?",3
27,4,9,1,0,1,842,,UD Las Palmas,32,Spain,"3,00 Mill. ",35,70,70,62,50,68,66,Medium / Low,27,4.5,4,0.13,553,2211,Tana,Attacking Midfield,"3,50 Mill. ?",29
21,2,3,1,0,0,191,,UD Las Palmas,18,Croatia,"2,50 Mill. ",28,80,76,76,44,77,64,High / Low,7,2,0,0,,645,Alen Halilovic,Attacking Midfield,"4,00 Mill. ?",2
30,2,13,2,2,0,1170,,UD Las Palmas,27,Spain,"2,50 Mill. ",71,73,76,69,77,75,51,High / Medium,34,4,0,0,,2110,Dani Castellano,Left-Back,"4,00 Mill. ?",27
22,1,2,0,0,0,145,,UD Las Palmas,22,Spain,"2,50 Mill. ",66,68,46,72,64,73,46,Medium / Medium,4,2,0,0,,1268,Sergi Samper,Defensive Midfield,"3,50 Mill. ?",407
31,0,2,0,0,0,183,,UD Las Palmas,11,Spain,700 Th. ,77,53,37,57,78,76,41,High / Medium,6,2,0,0,,836,Aythami Artiles,Centre-Back,"1,00 Mill. ?",33
35,1,2,0,0,0,180,,UD Las Palmas,22,Spain,100 Th. ,73,64,62,60,76,75,36,Medium / Medium,2,2,1,0.05,1.645,1645,David García,Centre-Back,100 Th. ?,1
35,0,2,0,0,0,180,,UD Las Palmas,25,Spain,100 Th. ,73,64,62,60,76,75,36,Medium / Medium,2,2,1,0.04,2.189,2189,David García,Centre-Back,100 Th. ?,1
35,0,3,1,0,0,232,,UD Las Palmas,23,Spain,100 Th. ,20,45,54,36,44,48,46,High / High,11,2,3,0.13,413,1239,Momo,Left Wing,100 Th. ?,114
33,2,0,0,0,0,0,,UD Las Palmas,15,Argentina,"1,20 Mill. ",68,72,46,72,80,74,68,Medium / Medium,0,4.5,4,0.26,307,1228,Gabriel Peñalba,Central Midfield,"1,20 Mill. ?",41
