,Name,Position,Country,Age,Club,Current_Value,Previous_Value
0,Martin Aguirregabiria,Right-Back,Spain,21,Deportivo Alavés,800 Th. ,-
1,Jairo Samperio,Left Wing,Spain,24,UD Las Palmas,"2,00 Mill. ","3,00 Mill. €"
2,Lionel Messi,Right Wing,Argentina,30,FC Barcelona,"180,00 Mill. ","120,00 Mill. €"
3,Antoine Griezmann,Centre-Forward,France,26,Atlético Madrid,"100,00 Mill. ","80,00 Mill. €"
4,Sergio Busquets,Defensive Midfield,Spain,29,FC Barcelona,"80,00 Mill. ","60,00 Mill. €"
5,Ousmane Dembélé,Left Wing,France,20,FC Barcelona,"80,00 Mill. ","33,00 Mill. €"
6,Isco,Attacking Midfield,Spain,25,Real Madrid,"75,00 Mill. ","40,00 Mill. €"
7,Koke,Central Midfield,Spain,25,Atlético Madrid,"70,00 Mill. ","60,00 Mill. €"
8,Jan Oblak,Keeper,Slovenia,24,Atlético Madrid,"50,00 Mill. ","40,00 Mill. €"
9,Ivan Rakitic,Central Midfield,Croatia,29,FC Barcelona,"45,00 Mill. ","45,00 Mill. €"
10,Yannick Carrasco,Left Wing,Belgium,24,Atlético Madrid,"40,00 Mill. ","40,00 Mill. €"
11,Gonçalo Guedes,Left Wing,Portugal,21,Valencia CF,"40,00 Mill. ","17,00 Mill. €"
12,Jordi Alba,Left-Back,Spain,28,FC Barcelona,"40,00 Mill. ","32,00 Mill. €"
13,Nacho Gil,Left Wing,Spain,22,Valencia CF,300 Th. ,300 Th. €
14,Coke,Right-Back,Spain,30,Levante UD,"2,00 Mill. ","3,00 Mill. €"
15,Cristiano Ronaldo,Centre-Forward,Portugal,32,Real Madrid,"120,00 Mill. ","100,00 Mill. €"
16,Luis Suárez,Centre-Forward,Uruguay,30,FC Barcelona,"85,00 Mill. ","90,00 Mill. €"
17,Toni Kroos,Central Midfield,Germany,27,Real Madrid,"80,00 Mill. ","70,00 Mill. €"
18,Gareth Bale,Right Wing,Wales,28,Real Madrid,"75,00 Mill. ","80,00 Mill. €"
19,Saúl Ñíguez,Central Midfield,Spain,23,Atlético Madrid,"70,00 Mill. ","40,00 Mill. €"
20,Karim Benzema,Centre-Forward,France,30,Real Madrid,"50,00 Mill. ","60,00 Mill. €"
21,Marco Asensio,Left Wing,Spain,21,Real Madrid,"50,00 Mill. ","30,00 Mill. €"
22,Daniel Carvajal,Right-Back,Spain,25,Real Madrid,"45,00 Mill. ","32,00 Mill. €"
23,Samuel Umtiti,Centre-Back,France,24,FC Barcelona,"40,00 Mill. ","30,00 Mill. €"
24,Paulinho,Central Midfield,Brazil,29,FC Barcelona,"40,00 Mill. ","20,00 Mill. €"
25,Luka Modric,Central Midfield,Croatia,32,Real Madrid,"40,00 Mill. ","40,00 Mill. €"
26,Casemiro,Defensive Midfield,Brazil,25,Real Madrid,"40,00 Mill. ","30,00 Mill. €"
27,Gerard Piqué,Centre-Back,Spain,30,FC Barcelona,"40,00 Mill. ","40,00 Mill. €"
28,Sergio Ramos,Centre-Back,Spain,31,Real Madrid,"40,00 Mill. ","40,00 Mill. €"
29,Diego Godín,Centre-Back,Uruguay,31,Atlético Madrid,"35,00 Mill. ","38,00 Mill. €"
30,Stefan Savic,Centre-Back,Montenegro,26,Atlético Madrid,"30,00 Mill. ","30,00 Mill. €"
31,Steven N'Zonzi,Defensive Midfield,France,29,Sevilla FC,"30,00 Mill. ","30,00 Mill. €"
32,Vitolo,Left Wing,Spain,28,Atlético Madrid,"25,00 Mill. ","30,00 Mill. €"
33,Geoffrey Kondogbia,Central Midfield,France,24,Valencia CF,"25,00 Mill. ","18,00 Mill. €"
34,Simone Zaza,Centre-Forward,Italy,26,Valencia CF,"25,00 Mill. ","16,00 Mill. €"
35,Carlos Soler,Central Midfield,Spain,20,Valencia CF,"25,00 Mill. ","7,50 Mill. €"
36,Iñigo Martínez,Centre-Back,Spain,26,Real Sociedad,"25,00 Mill. ","20,00 Mill. €"
37,Cédric Bakambu,Centre-Forward,DR Congo,26,Villarreal CF,"25,00 Mill. ","16,00 Mill. €"
38,Sergi Roberto,Central Midfield,Spain,25,FC Barcelona,"40,00 Mill. ","25,00 Mill. €"
39,Marcelo,Left-Back,Brazil,29,Real Madrid,"40,00 Mill. ","38,00 Mill. €"
40,Raphaël Varane,Centre-Back,France,24,Real Madrid,"40,00 Mill. ","35,00 Mill. €"
41,Marc-André ter Stegen,Keeper,Germany,25,FC Barcelona,"40,00 Mill. ","25,00 Mill. €"
42,José Giménez,Centre-Back,Uruguay,22,Atlético Madrid,"35,00 Mill. ","28,00 Mill. €"
43,Nélson Semedo,Right-Back,Portugal,24,FC Barcelona,"30,00 Mill. ","20,00 Mill. €"
44,Mikel Oyarzabal,Left Wing,Spain,20,Real Sociedad,"30,00 Mill. ","15,00 Mill. €"
45,Aymeric Laporte,Centre-Back,France,23,Athletic Bilbao,"25,00 Mill. ","25,00 Mill. €"
46,Mateo Kovacic,Central Midfield,Croatia,23,Real Madrid,"25,00 Mill. ","25,00 Mill. €"
47,Rodrigo,Centre-Forward,Spain,26,Valencia CF,"25,00 Mill. ","7,50 Mill. €"
48,Wissam Ben Yedder,Centre-Forward,France,27,Sevilla FC,"25,00 Mill. ","15,00 Mill. €"
49,José Gayá,Left-Back,Spain,22,Valencia CF,"25,00 Mill. ","18,00 Mill. €"
50,Iñaki Williams,Right Wing,Spain,23,Athletic Bilbao,"25,00 Mill. ","25,00 Mill. €"
51,Sime Vrsaljko,Right-Back,Croatia,25,Atlético Madrid,"20,00 Mill. ","16,00 Mill. €"
52,Rodrigo Hernández,Defensive Midfield,Spain,21,Villarreal CF,"20,00 Mill. ","2,50 Mill. €"
53,Ángel Correa,Secondary Striker,Argentina,22,Atlético Madrid,"20,00 Mill. ","18,00 Mill. €"
54,Kévin Gameiro,Centre-Forward,France,30,Atlético Madrid,"20,00 Mill. ","24,00 Mill. €"
55,Álvaro Odriozola,Right-Back,Spain,22,Real Sociedad,"20,00 Mill. ","10,00 Mill. €"
56,Nacho Fernández,Centre-Back,Spain,27,Real Madrid,"20,00 Mill. ","15,00 Mill. €"
57,Paco Alcácer,Centre-Forward,Spain,24,FC Barcelona,"18,00 Mill. ","18,00 Mill. €"
58,Pablo Sarabia,Left Wing,Spain,25,Sevilla FC,"18,00 Mill. ","15,00 Mill. €"
59,Dani Parejo,Central Midfield,Spain,28,Valencia CF,"18,00 Mill. ","15,00 Mill. €"
60,Dani Ceballos,Central Midfield,Spain,21,Real Madrid,"17,00 Mill. ","17,00 Mill. €"
61,Lucas Digne,Left-Back,France,24,FC Barcelona,"16,00 Mill. ","16,00 Mill. €"
62,Nico Gaitán,Left Wing,Argentina,29,Atlético Madrid,"15,00 Mill. ","20,00 Mill. €"
63,André Gomes,Central Midfield,Portugal,24,FC Barcelona,"22,00 Mill. ","25,00 Mill. €"
64,Kepa Arrizabalaga,Keeper,Spain,23,Athletic Bilbao,"20,00 Mill. ","8,00 Mill. €"
65,Andrés Iniesta,Central Midfield,Spain,33,FC Barcelona,"20,00 Mill. ","20,00 Mill. €"
66,Theo Hernández,Left-Back,France,20,Real Madrid,"20,00 Mill. ","20,00 Mill. €"
67,Sergio Rico,Keeper,Spain,24,Sevilla FC,"20,00 Mill. ","20,00 Mill. €"
68,Lucas Hernández,Centre-Back,France,21,Atlético Madrid,"20,00 Mill. ","15,00 Mill. €"
69,Iago Aspas,Right Wing,Spain,30,Celta de Vigo,"18,00 Mill. ","18,00 Mill. €"
70,Denis Suárez,Central Midfield,Spain,23,FC Barcelona,"18,00 Mill. ","18,00 Mill. €"
71,Filipe Luís,Left-Back,Brazil,32,Atlético Madrid,"18,00 Mill. ","18,00 Mill. €"
72,Keylor Navas,Keeper,Costa Rica,31,Real Madrid,"18,00 Mill. ","18,00 Mill. €"
73,Mario Gaspar,Right-Back,Spain,27,Villarreal CF,"16,00 Mill. ","16,00 Mill. €"
74,Rafinha,Central Midfield,Brazil,24,FC Barcelona,"15,00 Mill. ","15,00 Mill. €"
75,Ezequiel Garay,Centre-Back,Argentina,31,Valencia CF,"15,00 Mill. ","15,00 Mill. €"
76,Pione Sisto,Left Wing,Denmark,22,Celta de Vigo,"15,00 Mill. ","5,00 Mill. €"
77,Clément Lenglet,Centre-Back,France,22,Sevilla FC,"15,00 Mill. ","7,50 Mill. €"
78,Aarón Caricol,Left-Back,Spain,20,RCD Espanyol Barcelona,"15,00 Mill. ","10,00 Mill. €"
79,Luis Muriel,Centre-Forward,Colombia,26,Sevilla FC,"15,00 Mill. ","20,00 Mill. €"
80,Asier Illarramendi,Defensive Midfield,Spain,27,Real Sociedad,"15,00 Mill. ","15,00 Mill. €"
81,Martín Montoya,Right-Back,Spain,26,Valencia CF,"15,00 Mill. ","10,00 Mill. €"
82,Jesús Vallejo,Centre-Back,Spain,20,Real Madrid,"15,00 Mill. ","15,00 Mill. €"
83,Víctor Ruiz,Centre-Back,Spain,28,Villarreal CF,"14,00 Mill. ","14,00 Mill. €"
84,Nicola Sansone,Centre-Forward,Italy,26,Villarreal CF,"12,00 Mill. ","16,00 Mill. €"
85,Diego Llorente,Centre-Back,Spain,24,Real Sociedad,"12,00 Mill. ","7,50 Mill. €"
86,Roberto Soriano,Left Midfield,Italy,26,Villarreal CF,"12,00 Mill. ","16,00 Mill. €"
87,Franco Vázquez,Attacking Midfield,Italy,28,Sevilla FC,"12,00 Mill. ","18,00 Mill. €"
88,Lucas Vázquez,Right Wing,Spain,26,Real Madrid,"15,00 Mill. ","15,00 Mill. €"
89,Guido Pizarro,Defensive Midfield,Argentina,27,Sevilla FC,"15,00 Mill. ","6,00 Mill. €"
90,Marcos Llorente,Defensive Midfield,Spain,22,Real Madrid,"15,00 Mill. ","15,00 Mill. €"
91,Pablo Fornals,Central Midfield,Spain,21,Villarreal CF,"15,00 Mill. ","12,00 Mill. €"
92,Manu Trigueros,Central Midfield,Spain,26,Villarreal CF,"15,00 Mill. ","15,00 Mill. €"
93,Gabriel Paulista,Centre-Back,Brazil,27,Valencia CF,"15,00 Mill. ","13,00 Mill. €"
94,Jeison Murillo,Centre-Back,Colombia,25,Valencia CF,"15,00 Mill. ","13,00 Mill. €"
95,Gerard Deulofeu,Right Wing,Spain,23,FC Barcelona,"14,00 Mill. ","12,00 Mill. €"
96,Simon Kjaer,Centre-Back,Denmark,28,Sevilla FC,"13,00 Mill. ","12,50 Mill. €"
97,Carlos Bacca,Centre-Forward,Colombia,31,Villarreal CF,"12,00 Mill. ","18,00 Mill. €"
98,Maximiliano Gómez,Centre-Forward,Uruguay,21,Celta de Vigo,"12,00 Mill. ","4,00 Mill. €"
99,Éver Banega,Central Midfield,Argentina,29,Sevilla FC,"12,00 Mill. ","9,00 Mill. €"
100,Willian José,Centre-Forward,Brazil,26,Real Sociedad,"12,00 Mill. ","12,00 Mill. €"
101,Gerard Moreno,Centre-Forward,Spain,25,RCD Espanyol Barcelona,"12,00 Mill. ","8,00 Mill. €"
102,Lucas Pérez,Centre-Forward,Spain,29,Deportivo de La Coruña,"10,00 Mill. ","15,00 Mill. €"
103,Santi Mina,Centre-Forward,Spain,22,Valencia CF,"10,00 Mill. ","6,00 Mill. €"
104,Gerónimo Rulli,Keeper,Argentina,25,Real Sociedad,"10,00 Mill. ","14,00 Mill. €"
105,Adnan Januzaj,Right Wing,Belgium,22,Real Sociedad,"10,00 Mill. ","8,50 Mill. €"
106,Hugo Mallo,Right-Back,Spain,26,Celta de Vigo,"10,00 Mill. ","8,00 Mill. €"
107,Jasper Cillessen,Keeper,Netherlands,28,FC Barcelona,"9,00 Mill. ","9,00 Mill. €"
108,Mikel San José,Defensive Midfield,Spain,28,Athletic Bilbao,"9,00 Mill. ","12,00 Mill. €"
109,Raúl García,Attacking Midfield,Spain,31,Athletic Bilbao,"9,00 Mill. ","12,00 Mill. €"
110,Jonathan Viera,Attacking Midfield,Spain,28,UD Las Palmas,"8,00 Mill. ","10,00 Mill. €"
111,Rúben Semedo,Centre-Back,Portugal,23,Villarreal CF,"8,00 Mill. ","14,00 Mill. €"
112,Juanfran,Right-Back,Spain,32,Atlético Madrid,"8,00 Mill. ","12,00 Mill. €"
113,Arda Turan,Left Wing,Turkey,30,FC Barcelona,"12,00 Mill. ","15,00 Mill. €"
114,Sergi Darder,Central Midfield,Spain,24,RCD Espanyol Barcelona,"11,00 Mill. ","11,00 Mill. €"
115,Daniel Wass,Central Midfield,Denmark,28,Celta de Vigo,"10,00 Mill. ","10,00 Mill. €"
116,Neto,Keeper,Brazil,28,Valencia CF,"10,00 Mill. ","6,00 Mill. €"
117,Unai Núñez,Centre-Back,Spain,20,Athletic Bilbao,"10,00 Mill. ",300 Th. €
118,Jonny Castro,Left-Back,Spain,23,Celta de Vigo,"10,00 Mill. ","8,00 Mill. €"
119,Joaquín Correa,Left Wing,Argentina,23,Sevilla FC,"10,00 Mill. ","10,00 Mill. €"
120,Iker Muniain,Left Wing,Spain,25,Athletic Bilbao,"9,00 Mill. ","15,00 Mill. €"
121,Jaume Costa,Left-Back,Spain,29,Villarreal CF,"9,00 Mill. ","9,00 Mill. €"
122,Munir El Haddadi,Centre-Forward,Spain,22,Deportivo Alavés,"9,00 Mill. ","9,00 Mill. €"
123,Thomas,Defensive Midfield,Ghana,24,Atlético Madrid,"8,00 Mill. ","4,50 Mill. €"
124,Johannes Geis,Defensive Midfield,Germany,24,Sevilla FC,"8,00 Mill. ","10,00 Mill. €"
125,Sergi Gómez,Centre-Back,Spain,25,Celta de Vigo,"8,00 Mill. ","6,00 Mill. €"
126,Loïc Rémy,Centre-Forward,France,30,UD Las Palmas,"8,00 Mill. ","9,00 Mill. €"
127,Iñigo Lekue,Right-Back,Spain,24,Athletic Bilbao,"7,50 Mill. ","4,00 Mill. €"
128,Fabián Ruiz,Central Midfield,Spain,21,Real Betis Balompié,"7,50 Mill. ",500 Th. €
129,Antonio Sanabria,Centre-Forward,Paraguay,21,Real Betis Balompié,"7,50 Mill. ","5,00 Mill. €"
130,Sergio Escudero,Left-Back,Spain,28,Sevilla FC,"7,50 Mill. ","7,50 Mill. €"
131,Juanmi,Right Wing,Spain,24,Real Sociedad,"7,50 Mill. ","10,00 Mill. €"
132,Djené,Centre-Back,Togo,26,Getafe CF,"7,50 Mill. ","2,50 Mill. €"
133,Álvaro González,Centre-Back,Spain,27,Villarreal CF,"7,50 Mill. ","6,00 Mill. €"
134,Sergio Asenjo,Keeper,Spain,28,Villarreal CF,"7,50 Mill. ","7,50 Mill. €"
135,Bernardo Espinosa,Centre-Back,Colombia,28,Girona FC,"7,00 Mill. ","4,50 Mill. €"
136,Ryad Boudebouz,Attacking Midfield,Algeria,27,Real Betis Balompié,"6,00 Mill. ","10,00 Mill. €"
137,Aïssa Mandi,Centre-Back,Algeria,26,Real Betis Balompié,"6,00 Mill. ","6,00 Mill. €"
138,Antonio Adán,Keeper,Spain,30,Real Betis Balompié,"8,00 Mill. ","8,00 Mill. €"
139,Toni Lato,Left-Back,Spain,20,Valencia CF,"8,00 Mill. ","3,00 Mill. €"
140,Andreas Pereira,Left Wing,Brazil,22,Valencia CF,"7,50 Mill. ","5,00 Mill. €"
141,Sébastien Corchia,Right-Back,France,27,Sevilla FC,"7,50 Mill. ","7,50 Mill. €"
142,Markel Susaeta,Right Wing,Spain,30,Athletic Bilbao,"7,50 Mill. ","7,50 Mill. €"
143,Yeray Álvarez,Centre-Back,Spain,22,Athletic Bilbao,"7,50 Mill. ","15,00 Mill. €"
144,Stanislav Lobotka,Defensive Midfield,Slovakia,23,Celta de Vigo,"7,50 Mill. ","5,00 Mill. €"
145,Borja Mayoral,Centre-Forward,Spain,20,Real Madrid,"7,50 Mill. ","2,50 Mill. €"
146,Aleix Vidal,Right-Back,Spain,28,FC Barcelona,"7,50 Mill. ","7,50 Mill. €"
147,Samu Castillejo,Right Wing,Spain,22,Villarreal CF,"7,00 Mill. ","7,00 Mill. €"
148,David López,Centre-Back,Spain,28,RCD Espanyol Barcelona,"6,50 Mill. ","6,50 Mill. €"
149,Kiko Casilla,Keeper,Spain,31,Real Madrid,"6,00 Mill. ","6,00 Mill. €"
150,Mauricio Lemos,Centre-Back,Uruguay,22,UD Las Palmas,"6,00 Mill. ","10,00 Mill. €"
151,Óscar de Marcos,Right-Back,Spain,28,Athletic Bilbao,"6,00 Mill. ","8,00 Mill. €"
152,Mikel Vesga,Defensive Midfield,Spain,24,Athletic Bilbao,"6,00 Mill. ","6,00 Mill. €"
153,Sidnei,Centre-Back,Brazil,28,Deportivo de La Coruña,"6,00 Mill. ","6,00 Mill. €"
154,Javier Mascherano,Centre-Back,Argentina,33,FC Barcelona,"6,00 Mill. ","8,00 Mill. €"
155,Nolito,Left Wing,Spain,31,Sevilla FC,"6,00 Mill. ","9,00 Mill. €"
156,Pablo Piatti,Left Wing,Argentina,28,RCD Espanyol Barcelona,"6,00 Mill. ","6,00 Mill. €"
157,Beñat Etxebarria,Central Midfield,Spain,30,Athletic Bilbao,"5,00 Mill. ","8,00 Mill. €"
158,Portu,Attacking Midfield,Spain,25,Girona FC,"5,00 Mill. ","1,80 Mill. €"
159,Emre Mor,Right Wing,Turkey,20,Celta de Vigo,"5,00 Mill. ","5,00 Mill. €"
160,Dani García,Central Midfield,Spain,27,SD Eibar,"5,00 Mill. ","5,00 Mill. €"
161,Douglas Luiz,Central Midfield,Brazil,19,Girona FC,"5,00 Mill. ","6,00 Mill. €"
162,Borja Bastón,Centre-Forward,Spain,25,Málaga CF,"5,00 Mill. ","8,00 Mill. €"
163,Riza Durmisi,Left-Back,Denmark,23,Real Betis Balompié,"6,00 Mill. ","6,00 Mill. €"
164,Jesús Navas,Right Wing,Spain,32,Sevilla FC,"6,00 Mill. ","9,00 Mill. €"
165,Enes Ünal,Centre-Forward,Turkey,20,Villarreal CF,"6,00 Mill. ","14,00 Mill. €"
166,Cristian Tello,Left Wing,Spain,26,Real Betis Balompié,"6,00 Mill. ","8,00 Mill. €"
167,Diego Rolán,Centre-Forward,Uruguay,24,Málaga CF,"6,00 Mill. ","8,00 Mill. €"
168,Víctor Camarasa,Central Midfield,Spain,23,Real Betis Balompié,"6,00 Mill. ","7,00 Mill. €"
169,Celso Borges,Central Midfield,Costa Rica,29,Deportivo de La Coruña,"5,00 Mill. ","5,00 Mill. €"
170,Ander Iturraspe,Defensive Midfield,Spain,28,Athletic Bilbao,"5,00 Mill. ","5,00 Mill. €"
171,Andrés Guardado,Defensive Midfield,Mexico,31,Real Betis Balompié,"5,00 Mill. ","6,00 Mill. €"
172,Pablo Hernández,Central Midfield,Chile,31,Celta de Vigo,"5,00 Mill. ","6,00 Mill. €"
173,Juanfran,Right-Back,Spain,29,Deportivo de La Coruña,"5,00 Mill. ","5,00 Mill. €"
174,Sergi Enrich,Centre-Forward,Spain,27,SD Eibar,"5,00 Mill. ","10,00 Mill. €"
175,Rubén Pérez,Defensive Midfield,Spain,28,CD Leganés,"5,00 Mill. ","2,50 Mill. €"
176,Nemanja Radoja,Defensive Midfield,Serbia,24,Celta de Vigo,"5,00 Mill. ","8,00 Mill. €"
177,Iñigo Córdoba,Left Wing,Spain,20,Athletic Bilbao,"5,00 Mill. ",300 Th. €
178,Sergio León,Centre-Forward,Spain,28,Real Betis Balompié,"5,00 Mill. ","3,50 Mill. €"
179,Ander Capa,Right-Back,Spain,25,SD Eibar,"5,00 Mill. ","5,00 Mill. €"
180,Gabriel,Attacking Midfield,Brazil,24,CD Leganés,"5,00 Mill. ","4,00 Mill. €"
181,Cristhian Stuani,Centre-Forward,Uruguay,31,Girona FC,"5,00 Mill. ","3,50 Mill. €"
182,Pere Pons,Defensive Midfield,Spain,24,Girona FC,"5,00 Mill. ","2,50 Mill. €"
183,John Guidetti,Centre-Forward,Sweden,25,Celta de Vigo,"5,00 Mill. ","8,00 Mill. €"
184,Víctor Sánchez,Central Midfield,Spain,30,RCD Espanyol Barcelona,"4,00 Mill. ","4,00 Mill. €"
185,Marc Muniesa,Centre-Back,Spain,25,Girona FC,"4,00 Mill. ","3,00 Mill. €"
186,Guilherme,Defensive Midfield,Brazil,26,Deportivo de La Coruña,"4,00 Mill. ","4,00 Mill. €"
187,Alexander Szymanowski,Left Wing,Argentina,29,CD Leganés,"4,00 Mill. ","5,00 Mill. €"
188,Enis Bardhi,Attacking Midfield,Macedonia,22,Levante UD,"5,00 Mill. ","1,50 Mill. €"
189,Mikel Balenziaga,Left-Back,Spain,29,Athletic Bilbao,"5,00 Mill. ","5,00 Mill. €"
190,Fernando Pacheco,Keeper,Spain,25,Deportivo Alavés,"5,00 Mill. ","5,00 Mill. €"
191,Jonathan Calleri,Centre-Forward,Argentina,24,UD Las Palmas,"5,00 Mill. ","5,00 Mill. €"
192,Thomas Vermaelen,Centre-Back,Belgium,32,FC Barcelona,"5,00 Mill. ","3,00 Mill. €"
193,Pablo Maffeo,Right-Back,Spain,20,Girona FC,"5,00 Mill. ",500 Th. €
194,Achraf Hakimi,Right-Back,Morocco,19,Real Madrid,"5,00 Mill. ",300 Th. €
195,Gabriel Mercado,Right-Back,Argentina,30,Sevilla FC,"5,00 Mill. ","5,00 Mill. €"
196,Rúben Vezo,Centre-Back,Portugal,23,Valencia CF,"4,00 Mill. ","1,50 Mill. €"
197,Fernando Torres,Centre-Forward,Spain,33,Atlético Madrid,"4,00 Mill. ","4,00 Mill. €"
198,Vitorino Antunes,Left-Back,Portugal,30,Getafe CF,"4,00 Mill. ","4,00 Mill. €"
199,Augusto Fernández,Central Midfield,Argentina,31,Atlético Madrid,"4,00 Mill. ","4,00 Mill. €"
200,Florin Andone,Centre-Forward,Romania,24,Deportivo de La Coruña,"4,00 Mill. ","5,00 Mill. €"
201,Gustavo Cabral,Centre-Back,Argentina,32,Celta de Vigo,"4,00 Mill. ","4,00 Mill. €"
202,Javi García,Defensive Midfield,Spain,30,Real Betis Balompié,"4,00 Mill. ","5,00 Mill. €"
203,Joan Jordán,Central Midfield,Spain,23,SD Eibar,"3,50 Mill. ","1,00 Mill. €"
204,Roberto Rosales,Right-Back,Venezuela,29,Málaga CF,"3,50 Mill. ","5,00 Mill. €"
205,Takashi Inui,Left Wing,Japan,29,SD Eibar,"3,50 Mill. ","3,00 Mill. €"
206,Adrián López,Centre-Forward,Spain,29,Deportivo de La Coruña,"3,50 Mill. ","3,50 Mill. €"
207,Jozabed Sánchez,Central Midfield,Spain,26,Celta de Vigo,"3,50 Mill. ","3,50 Mill. €"
208,Iago Herrerín,Keeper,Spain,29,Athletic Bilbao,"3,00 Mill. ","3,00 Mill. €"
209,Jon Bautista,Centre-Forward,Spain,22,Real Sociedad,"3,00 Mill. ","5,00 Mill. €"
210,Xabi Prieto,Central Midfield,Spain,34,Real Sociedad,"3,00 Mill. ","3,00 Mill. €"
211,Gabi,Central Midfield,Spain,34,Atlético Madrid,"3,00 Mill. ","3,00 Mill. €"
212,David Zurutuza,Central Midfield,Spain,31,Real Sociedad,"3,00 Mill. ","3,00 Mill. €"
213,Emre Colak,Attacking Midfield,Turkey,26,Deportivo de La Coruña,"4,00 Mill. ","7,50 Mill. €"
214,Sergio Canales,Attacking Midfield,Spain,26,Real Sociedad,"4,00 Mill. ","3,00 Mill. €"
215,Leo Baptistão,Centre-Forward,Brazil,25,RCD Espanyol Barcelona,"4,00 Mill. ","4,00 Mill. €"
216,Recio,Central Midfield,Spain,26,Málaga CF,"3,50 Mill. ","3,50 Mill. €"
217,Andreu Fontàs,Centre-Back,Spain,28,Celta de Vigo,"3,50 Mill. ","2,50 Mill. €"
218,Ganso,Attacking Midfield,Brazil,28,Sevilla FC,"3,50 Mill. ","5,00 Mill. €"
219,Alfonso Pedraza,Left Wing,Spain,21,Deportivo Alavés,"3,50 Mill. ","1,00 Mill. €"
220,Paulo Oliveira,Centre-Back,Portugal,25,SD Eibar,"3,00 Mill. ","4,00 Mill. €"
221,Ibai Gómez,Left Wing,Spain,28,Deportivo Alavés,"3,00 Mill. ","2,00 Mill. €"
222,Amath Ndiaye,Left Wing,Senegal,21,Getafe CF,"3,00 Mill. ","3,00 Mill. €"
223,Pedro Bigas,Centre-Back,Spain,27,UD Las Palmas,"3,00 Mill. ","5,00 Mill. €"
224,David Soria,Keeper,Spain,24,Sevilla FC,"3,00 Mill. ","1,50 Mill. €"
225,Olarenwaju Kayode,Centre-Forward,Nigeria,24,Girona FC,"3,00 Mill. ","4,00 Mill. €"
226,Vicente Gómez,Defensive Midfield,Spain,29,UD Las Palmas,"3,00 Mill. ","3,50 Mill. €"
227,Zouhair Feddal,Centre-Back,Morocco,28,Real Betis Balompié,"3,00 Mill. ","3,00 Mill. €"
228,Fabian Schär,Centre-Back,Switzerland,26,Deportivo de La Coruña,"3,00 Mill. ","2,50 Mill. €"
229,Kévin Rodrigues,Left-Back,Portugal,23,Real Sociedad,"3,00 Mill. ","1,00 Mill. €"
230,Rubén Pardo,Central Midfield,Spain,25,Real Sociedad,"3,00 Mill. ","4,00 Mill. €"
231,Denis Cheryshev,Left Wing,Russia,27,Villarreal CF,"3,00 Mill. ","3,00 Mill. €"
232,Federico Valverde,Central Midfield,Uruguay,19,Deportivo de La Coruña,"3,00 Mill. ","3,00 Mill. €"
233,Rodrigo Ely,Centre-Back,Brazil,24,Deportivo Alavés,"3,00 Mill. ","3,00 Mill. €"
234,Adrián González,Central Midfield,Spain,29,Málaga CF,"3,00 Mill. ","3,00 Mill. €"
235,Bruno Soriano,Defensive Midfield,Spain,33,Villarreal CF,"3,00 Mill. ","5,00 Mill. €"
236,Sergio Álvarez,Keeper,Spain,31,Celta de Vigo,"2,50 Mill. ","5,00 Mill. €"
237,Pedro León,Right Wing,Spain,31,SD Eibar,"2,50 Mill. ","5,00 Mill. €"
238,Tana,Attacking Midfield,Spain,27,UD Las Palmas,"3,00 Mill. ","3,50 Mill. €"
239,Lionel Carole,Left-Back,France,26,Sevilla FC,"3,00 Mill. ","3,25 Mill. €"
240,Joel Campbell,Right Wing,Costa Rica,25,Real Betis Balompié,"3,00 Mill. ","6,00 Mill. €"
241,José Campaña,Central Midfield,Spain,24,Levante UD,"3,00 Mill. ","2,50 Mill. €"
242,Nordin Amrabat,Right Wing,Morocco,30,CD Leganés,"3,00 Mill. ","4,50 Mill. €"
243,Antonio Barragán,Right-Back,Spain,30,Real Betis Balompié,"3,00 Mill. ","3,00 Mill. €"
244,Facundo Roncaglia,Centre-Back,Argentina,30,Celta de Vigo,"3,00 Mill. ","5,00 Mill. €"
245,Pau López,Keeper,Spain,23,RCD Espanyol Barcelona,"3,00 Mill. ","1,50 Mill. €"
246,Raúl Navas,Centre-Back,Spain,29,Real Sociedad,"3,00 Mill. ","5,00 Mill. €"
247,Claudio Beauvue,Centre-Forward,Guadeloupe,29,CD Leganés,"3,00 Mill. ","3,00 Mill. €"
248,Marko Dmitrovic,Keeper,Serbia,25,SD Eibar,"2,50 Mill. ","1,00 Mill. €"
249,Alen Halilovic,Attacking Midfield,Croatia,21,UD Las Palmas,"2,50 Mill. ","4,00 Mill. €"
250,Aritz Elustondo,Centre-Back,Spain,23,Real Sociedad,"2,50 Mill. ","2,50 Mill. €"
251,Kike,Centre-Forward,Spain,28,SD Eibar,"2,50 Mill. ","3,00 Mill. €"
252,Joseba Zaldua,Right-Back,Spain,25,CD Leganés,"2,50 Mill. ","1,50 Mill. €"
253,Gonzalo Escalante,Central Midfield,Argentina,24,SD Eibar,"2,50 Mill. ","5,00 Mill. €"
254,Juanpe,Centre-Back,Spain,26,Girona FC,"2,50 Mill. ","1,00 Mill. €"
255,Xabier Etxeita,Centre-Back,Spain,30,Athletic Bilbao,"2,50 Mill. ","2,50 Mill. €"
256,Rubén Blanco,Keeper,Spain,22,Celta de Vigo,"2,50 Mill. ","1,50 Mill. €"
257,Adalberto Peñaranda,Centre-Forward,Venezuela,20,Málaga CF,"2,50 Mill. ","3,00 Mill. €"
258,Álex Granell,Central Midfield,Spain,29,Girona FC,"2,50 Mill. ","1,00 Mill. €"
259,José Luis Morales,Left Wing,Spain,30,Levante UD,"2,50 Mill. ","2,00 Mill. €"
260,Jaume Doménech,Keeper,Spain,27,Valencia CF,"2,50 Mill. ","2,50 Mill. €"
261,Paul Baysse,Centre-Back,France,29,Málaga CF,"2,50 Mill. ","3,50 Mill. €"
262,Dimitrios Siovas,Centre-Back,Greece,29,CD Leganés,"2,50 Mill. ","3,00 Mill. €"
263,José Manuel Jurado,Attacking Midfield,Spain,31,RCD Espanyol Barcelona,"2,50 Mill. ","2,50 Mill. €"
264,Borja García,Attacking Midfield,Spain,27,Girona FC,"2,50 Mill. ","1,50 Mill. €"
265,Dani Castellano,Left-Back,Spain,30,UD Las Palmas,"2,50 Mill. ","4,00 Mill. €"
266,Keko,Right Wing,Spain,26,Málaga CF,"2,50 Mill. ","3,00 Mill. €"
267,Sergi Samper,Defensive Midfield,Spain,22,UD Las Palmas,"2,50 Mill. ","3,50 Mill. €"
268,Javier Ontiveros,Right Wing,Spain,20,Málaga CF,"2,50 Mill. ","3,00 Mill. €"
269,Jordi Amat,Centre-Back,Spain,25,Real Betis Balompié,"2,50 Mill. ","2,50 Mill. €"
270,Damián Suárez,Right-Back,Uruguay,29,Getafe CF,"2,50 Mill. ","2,50 Mill. €"
271,Bojan Krkic,Secondary Striker,Spain,27,Deportivo Alavés,"2,50 Mill. ","5,00 Mill. €"
272,Mauro Arambarri,Central Midfield,Uruguay,22,Getafe CF,"2,50 Mill. ","1,50 Mill. €"
273,Vicente Guaita,Keeper,Spain,30,Getafe CF,"2,50 Mill. ","1,80 Mill. €"
274,Luis Hernández,Centre-Back,Spain,28,Málaga CF,"2,50 Mill. ","3,00 Mill. €"
275,Juanpi Añor,Attacking Midfield,Venezuela,23,Málaga CF,"2,00 Mill. ","2,50 Mill. €"
276,Bono,Keeper,Morocco,26,Girona FC,"2,00 Mill. ","1,00 Mill. €"
277,Ximo Navarro,Centre-Back,Spain,27,UD Las Palmas,"2,00 Mill. ","2,00 Mill. €"
278,Johan Mojica,Left-Back,Colombia,25,Girona FC,"2,00 Mill. ","1,00 Mill. €"
279,Nabil El Zhar,Right Wing,Morocco,31,CD Leganés,"2,00 Mill. ","2,00 Mill. €"
280,Jefferson Montero,Left Wing,Ecuador,28,Getafe CF,"2,00 Mill. ","4,50 Mill. €"
281,Pedro Mosquera,Central Midfield,Spain,29,Deportivo de La Coruña,"2,00 Mill. ","4,00 Mill. €"
282,Diego Rico,Left-Back,Spain,24,CD Leganés,"2,00 Mill. ","2,00 Mill. €"
283,Darko Brasanac,Central Midfield,Serbia,25,CD Leganés,"2,00 Mill. ","4,00 Mill. €"
284,Ángel Rodríguez,Centre-Forward,Spain,30,Getafe CF,"2,00 Mill. ","1,00 Mill. €"
285,Álvaro Medrán,Central Midfield,Spain,23,Deportivo Alavés,"2,00 Mill. ","2,50 Mill. €"
286,Nacho Vidal,Right-Back,Spain,22,Valencia CF,"2,00 Mill. ",300 Th. €
287,Javi Eraso,Attacking Midfield,Spain,27,CD Leganés,"2,00 Mill. ","1,50 Mill. €"
288,Igor Zubeldia,Central Midfield,Spain,20,Real Sociedad,"2,00 Mill. ",600 Th. €
289,Míchel,Right-Back,Brazil,27,UD Las Palmas,"2,00 Mill. ","2,50 Mill. €"
290,Cala,Centre-Back,Spain,28,Getafe CF,"2,00 Mill. ","1,00 Mill. €"
291,Federico Cartabia,Right Wing,Argentina,24,Deportivo de La Coruña,"2,00 Mill. ","1,50 Mill. €"
292,Roberto,Keeper,Spain,31,Málaga CF,"2,00 Mill. ","2,00 Mill. €"
293,Fabián Orellana,Right Wing,Chile,31,SD Eibar,"2,00 Mill. ","3,00 Mill. €"
294,Ager Aketxe,Attacking Midfield,Spain,24,Athletic Bilbao,"2,00 Mill. ","1,00 Mill. €"
295,Ezequiel Muñoz,Centre-Back,Argentina,27,CD Leganés,"2,00 Mill. ","3,00 Mill. €"
296,Miguel Ángel Moyà,Keeper,Spain,33,Atlético Madrid,"2,00 Mill. ","2,00 Mill. €"
297,Fayçal Fajr,Attacking Midfield,Morocco,29,Getafe CF,"2,00 Mill. ","2,00 Mill. €"
298,José Ángel,Left-Back,Spain,28,SD Eibar,"2,00 Mill. ","1,50 Mill. €"
299,Nemanja Maksimovic,Central Midfield,Serbia,22,Valencia CF,"2,00 Mill. ","3,00 Mill. €"
300,David Timor,Defensive Midfield,Spain,28,Girona FC,"2,00 Mill. ","2,00 Mill. €"
301,Eneko Bóveda,Right-Back,Spain,29,Athletic Bilbao,"2,00 Mill. ","3,00 Mill. €"
302,Zakaria Bakkali,Left Wing,Belgium,21,Deportivo de La Coruña,"1,80 Mill. ","2,00 Mill. €"
303,Mauro dos Santos,Centre-Back,Argentina,28,CD Leganés,"1,80 Mill. ","2,00 Mill. €"
304,Sergio Postigo,Centre-Back,Spain,29,Levante UD,"1,80 Mill. ","1,50 Mill. €"
305,Manu García,Defensive Midfield,Spain,31,Deportivo Alavés,"1,80 Mill. ","1,50 Mill. €"
306,David Juncà,Left-Back,Spain,24,SD Eibar,"1,50 Mill. ","1,50 Mill. €"
307,Víctor Laguardia,Centre-Back,Spain,28,Deportivo Alavés,"1,50 Mill. ","3,00 Mill. €"
308,Borja Lasso,Left Wing,Spain,24,Sevilla FC,"1,50 Mill. ","1,50 Mill. €"
309,Raúl Albentosa,Centre-Back,Spain,29,Deportivo de La Coruña,"1,50 Mill. ","3,00 Mill. €"
310,Raúl Fernández,Keeper,Spain,29,Levante UD,"1,50 Mill. ","1,50 Mill. €"
311,Aday,Left-Back,Spain,30,Girona FC,"1,50 Mill. ","1,00 Mill. €"
312,Alejandro Gálvez,Centre-Back,Spain,28,UD Las Palmas,"1,50 Mill. ","2,50 Mill. €"
313,Anaitz Arbilla,Right-Back,Spain,30,SD Eibar,"2,00 Mill. ","1,50 Mill. €"
314,Sergio García,Centre-Forward,Spain,34,RCD Espanyol Barcelona,"2,00 Mill. ","3,00 Mill. €"
315,Ivi,Left Wing,Spain,23,Levante UD,"1,80 Mill. ","1,50 Mill. €"
316,Chema,Centre-Back,Spain,25,Levante UD,"1,80 Mill. ","1,50 Mill. €"
317,Markel Bergara,Defensive Midfield,Spain,31,Getafe CF,"1,80 Mill. ","1,50 Mill. €"
318,Oussama Tannane,Right Wing,Morocco,23,UD Las Palmas,"1,50 Mill. ","3,00 Mill. €"
319,Alexis,Centre-Back,Spain,32,Deportivo Alavés,"1,50 Mill. ","1,50 Mill. €"
320,Daniel Torres,Defensive Midfield,Colombia,28,Deportivo Alavés,"1,50 Mill. ","2,00 Mill. €"
321,Costel Pantilimon,Keeper,Romania,30,Deportivo de La Coruña,"1,50 Mill. ","3,00 Mill. €"
322,Michael Krohn-Dehli,Central Midfield,Denmark,34,Sevilla FC,"1,50 Mill. ","1,50 Mill. €"
323,Guillermo Maripán,Centre-Back,Chile,23,Deportivo Alavés,"1,50 Mill. ",800 Th. €
324,Jefferson Lerma,Defensive Midfield,Colombia,23,Levante UD,"1,50 Mill. ","1,50 Mill. €"
325,Daniel Carriço,Centre-Back,Portugal,29,Sevilla FC,"1,50 Mill. ","2,00 Mill. €"
326,Tomás Pina,Central Midfield,Spain,30,Deportivo Alavés,"1,50 Mill. ","1,50 Mill. €"
327,Juankar,Left-Back,Spain,27,Málaga CF,"1,50 Mill. ","2,50 Mill. €"
328,Mikel Rico,Central Midfield,Spain,33,Athletic Bilbao,"1,50 Mill. ","2,00 Mill. €"
329,Esteban Granero,Central Midfield,Spain,30,RCD Espanyol Barcelona,"1,50 Mill. ","2,00 Mill. €"
330,Sabin Merino,Left Wing,Spain,25,Athletic Bilbao,"1,50 Mill. ","2,00 Mill. €"
331,Gaku Shibasaki,Central Midfield,Japan,25,Getafe CF,"1,50 Mill. ","2,00 Mill. €"
332,David Lombán,Centre-Back,Spain,30,SD Eibar,"1,50 Mill. ","2,50 Mill. €"
333,Bebé,Left Wing,Portugal,27,SD Eibar,"1,50 Mill. ","2,50 Mill. €"
334,Diego González,Centre-Back,Spain,22,Málaga CF,"1,50 Mill. ","1,50 Mill. €"
335,Mario Hermoso,Centre-Back,Spain,22,RCD Espanyol Barcelona,"1,50 Mill. ",400 Th. €
336,Jonás Ramalho,Centre-Back,Spain,24,Girona FC,"1,50 Mill. ","1,50 Mill. €"
337,Luisinho,Left-Back,Portugal,32,Deportivo de La Coruña,"1,50 Mill. ","1,80 Mill. €"
338,Toño,Left-Back,Spain,28,Levante UD,"1,50 Mill. ","1,50 Mill. €"
339,Imanol Agirretxe,Centre-Forward,Spain,30,Real Sociedad,"1,50 Mill. ","2,00 Mill. €"
340,Iván Alejo,Right Wing,Spain,22,SD Eibar,"1,50 Mill. ",300 Th. €
341,Jony,Left Wing,Spain,26,Málaga CF,"1,50 Mill. ","2,50 Mill. €"
342,José Naranjo,Left Wing,Spain,23,CD Leganés,"1,50 Mill. ","2,00 Mill. €"
343,Burgui,Left Wing,Spain,24,Deportivo Alavés,"1,50 Mill. ","3,00 Mill. €"
344,Hernán Pérez,Right Wing,Paraguay,28,RCD Espanyol Barcelona,"1,50 Mill. ","3,00 Mill. €"
345,Rober Pier,Centre-Back,Spain,22,Levante UD,"1,50 Mill. ","1,00 Mill. €"
346,Carles Gil,Right Wing,Spain,25,Deportivo de La Coruña,"1,50 Mill. ","2,50 Mill. €"
347,Antonio Luna,Left-Back,Spain,26,Levante UD,"1,50 Mill. ","2,00 Mill. €"
348,Charles,Centre-Forward,Brazil,33,SD Eibar,"1,50 Mill. ","1,50 Mill. €"
349,Chory Castro,Left Wing,Uruguay,33,Málaga CF,"1,50 Mill. ","1,50 Mill. €"
350,Federico Ricca,Left-Back,Uruguay,23,Málaga CF,"1,50 Mill. ","2,50 Mill. €"
351,Christian Santos,Centre-Forward,Venezuela,29,Deportivo Alavés,"1,50 Mill. ","1,50 Mill. €"
352,Francisco Portillo,Attacking Midfield,Spain,27,Getafe CF,"1,50 Mill. ","1,50 Mill. €"
353,Naldo,Centre-Back,Brazil,29,RCD Espanyol Barcelona,"1,50 Mill. ","4,00 Mill. €"
354,Cheick Doukouré,Defensive Midfield,Cote d'Ivoire,25,Levante UD,"1,50 Mill. ","1,60 Mill. €"
355,Alberto de la Bella,Left-Back,Spain,32,Real Sociedad,"1,20 Mill. ","1,20 Mill. €"
356,Jason,Right Wing,Spain,23,Levante UD,"1,20 Mill. ","1,00 Mill. €"
357,Axel Werner,Keeper,Argentina,21,Atlético Madrid,"1,00 Mill. ","1,00 Mill. €"
358,Fran Rico,Central Midfield,Spain,30,SD Eibar,"1,00 Mill. ","2,50 Mill. €"
359,Nicolás Pareja,Centre-Back,Argentina,33,Sevilla FC,"1,00 Mill. ","1,00 Mill. €"
360,Sasa Lukic,Central Midfield,Serbia,21,Levante UD,"1,00 Mill. ","2,20 Mill. €"
361,Mitchell Langerak,Keeper,Australia,29,Levante UD,"1,00 Mill. ","1,50 Mill. €"
362,Diego López,Keeper,Spain,36,RCD Espanyol Barcelona,"1,00 Mill. ","1,00 Mill. €"
363,Roger Martí,Centre-Forward,Spain,26,Levante UD,"1,50 Mill. ","2,50 Mill. €"
364,Emmanuel Boateng,Centre-Forward,Ghana,21,Levante UD,"1,50 Mill. ","2,00 Mill. €"
365,Robert Ibáñez,Right Wing,Spain,24,Valencia CF,"1,50 Mill. ","1,50 Mill. €"
366,Rubén Martínez,Keeper,Spain,33,Deportivo de La Coruña,"1,50 Mill. ",900 Th. €
367,Yoel Rodríguez,Keeper,Spain,29,SD Eibar,"1,50 Mill. ","2,50 Mill. €"
368,Omar,Right Wing,Spain,29,CD Leganés,"1,20 Mill. ","1,50 Mill. €"
369,Miguel Ángel Guerrero,Centre-Forward,Spain,27,CD Leganés,"1,20 Mill. ","1,50 Mill. €"
370,Aleksandar Katai,Right Wing,Serbia,26,Deportivo Alavés,"1,00 Mill. ","2,00 Mill. €"
371,Alin Tosca,Left-Back,Romania,25,Real Betis Balompié,"1,00 Mill. ","2,00 Mill. €"
372,Esteban Rolón,Defensive Midfield,Argentina,22,Málaga CF,"1,00 Mill. ",75 Th. €
373,Tito,Right-Back,Spain,32,CD Leganés,"1,00 Mill. ","2,50 Mill. €"
374,Mubarak Wakaso,Central Midfield,Ghana,27,Deportivo Alavés,"1,00 Mill. ","1,00 Mill. €"
375,Antonio Rukavina,Right-Back,Serbia,33,Villarreal CF,"1,00 Mill. ","1,50 Mill. €"
376,Sergio Sánchez,Centre-Back,Spain,31,RCD Espanyol Barcelona,"1,00 Mill. ","1,00 Mill. €"
377,Adrián Marín,Left-Back,Spain,20,Villarreal CF,"1,00 Mill. ","1,00 Mill. €"
378,Alex Alegría,Centre-Forward,Spain,25,Levante UD,"1,00 Mill. ","2,00 Mill. €"
379,Javi López,Right-Back,Spain,31,RCD Espanyol Barcelona,"1,00 Mill. ","2,00 Mill. €"
380,Carlos Vigaray,Right-Back,Spain,23,Deportivo Alavés,"1,00 Mill. ","1,00 Mill. €"
381,Álvaro Vázquez,Centre-Forward,Spain,26,RCD Espanyol Barcelona,"1,00 Mill. ","1,50 Mill. €"
382,Hernán Toledo,Left Wing,Argentina,21,UD Las Palmas,"1,00 Mill. ","2,00 Mill. €"
383,Leandro Chichizola,Keeper,Argentina,27,UD Las Palmas,"1,00 Mill. ","1,00 Mill. €"
384,Antonio Sivera,Keeper,Spain,21,Deportivo Alavés,"1,00 Mill. ",500 Th. €
385,Pape Diop,Defensive Midfield,Senegal,31,SD Eibar,"1,00 Mill. ","1,50 Mill. €"
386,Raúl Lizoain,Keeper,Spain,26,UD Las Palmas,"1,00 Mill. ",800 Th. €
387,Raúl García,Left-Back,Spain,28,CD Leganés,"1,00 Mill. ","1,00 Mill. €"
388,Aleix García,Defensive Midfield,Spain,20,Girona FC,"1,00 Mill. ","1,00 Mill. €"
389,Carles Planas,Left-Back,Spain,26,Girona FC,"1,00 Mill. ","1,50 Mill. €"
390,Aritz Aduriz,Centre-Forward,Spain,36,Athletic Bilbao,"1,00 Mill. ","1,00 Mill. €"
391,David Simón,Right-Back,Spain,29,UD Las Palmas,"1,00 Mill. ","1,50 Mill. €"
392,Samu García,Right Wing,Spain,27,Levante UD,"1,00 Mill. ","2,00 Mill. €"
393,Dídac Vilà,Left-Back,Spain,28,RCD Espanyol Barcelona,"1,00 Mill. ","1,00 Mill. €"
394,Bruno Gama,Right Wing,Portugal,30,Deportivo de La Coruña,"1,00 Mill. ","1,50 Mill. €"
395,Oier Olazábal,Keeper,Spain,28,Levante UD,"1,00 Mill. ",400 Th. €
396,Marc Navarro,Right-Back,Spain,22,RCD Espanyol Barcelona,"1,00 Mill. ","1,00 Mill. €"
397,Andrés Fernández,Keeper,Spain,31,Villarreal CF,"1,00 Mill. ","1,50 Mill. €"
398,Marc Roca,Central Midfield,Spain,21,RCD Espanyol Barcelona,"1,00 Mill. ","2,00 Mill. €"
399,Rubén Duarte,Left-Back,Spain,22,Deportivo Alavés,"1,00 Mill. ","1,00 Mill. €"
400,Óscar Duarte,Centre-Back,Costa Rica,28,RCD Espanyol Barcelona,"1,00 Mill. ","2,00 Mill. €"
401,Miguel Torres,Right-Back,Spain,31,Málaga CF,"1,00 Mill. ","2,00 Mill. €"
402,Javi Fuego,Defensive Midfield,Spain,33,RCD Espanyol Barcelona,"1,00 Mill. ","1,50 Mill. €"
403,Pedro Alcalá,Centre-Back,Spain,28,Girona FC,"1,00 Mill. ","1,00 Mill. €"
404,Andrew Hjulsager,Central Midfield,Denmark,22,Celta de Vigo,"1,00 Mill. ","1,20 Mill. €"
405,Erik Morán,Defensive Midfield,Spain,26,CD Leganés,900 Th. ,"1,00 Mill. €"
406,Zdravko Kuzmanovi?,Central Midfield,Serbia,30,Málaga CF,800 Th. ,"1,00 Mill. €"
407,Gerard Gumbau,Central Midfield,Spain,23,CD Leganés,800 Th. ,700 Th. €
408,Unai Bustinza,Right-Back,Spain,25,CD Leganés,800 Th. ,"1,00 Mill. €"
409,Mehdi Lacen,Defensive Midfield,Algeria,33,Getafe CF,800 Th. ,"1,50 Mill. €"
410,Emiliano Martínez,Keeper,Argentina,25,Getafe CF,800 Th. ,"1,00 Mill. €"
411,Dani Pacheco,Left Wing,Spain,26,Getafe CF,800 Th. ,"1,00 Mill. €"
412,Filip Manojlovic,Keeper,Serbia,21,Getafe CF,800 Th. ,"1,20 Mill. €"
413,Matías Nahuel,Right Wing,Spain,21,Real Betis Balompié,"1,00 Mill. ","1,50 Mill. €"
414,Mariano Barbosa,Keeper,Argentina,33,Villarreal CF,"1,00 Mill. ",600 Th. €
415,Rafa Navarro,Right-Back,Spain,23,Real Betis Balompié,"1,00 Mill. ","1,50 Mill. €"
416,Rubén Peña,Right Wing,Spain,26,SD Eibar,"1,00 Mill. ","1,50 Mill. €"
417,Jon Ander Serantes,Keeper,Spain,28,CD Leganés,"1,00 Mill. ","1,50 Mill. €"
418,Álvaro Jiménez,Right Wing,Spain,22,Getafe CF,900 Th. ,"1,00 Mill. €"
419,Mathí­as Olivera,Left-Back,Uruguay,20,Getafe CF,800 Th. ,800 Th. €
420,Iván Cuéllar,Keeper,Spain,33,CD Leganés,800 Th. ,800 Th. €
421,Erick Cabaco,Centre-Back,Uruguay,22,Levante UD,800 Th. ,"1,50 Mill. €"
422,Youssef En-Nesyri,Centre-Forward,Morocco,20,Málaga CF,800 Th. ,"1,00 Mill. €"
423,Alberto Aquilani,Central Midfield,Italy,33,UD Las Palmas,800 Th. ,"1,00 Mill. €"
424,Bruno González,Centre-Back,Spain,27,Getafe CF,800 Th. ,"1,00 Mill. €"
425,Javi Castellano,Defensive Midfield,Spain,30,UD Las Palmas,700 Th. ,400 Th. €
426,Hernán,Central Midfield,Spain,27,UD Las Palmas,700 Th. ,800 Th. €
427,Borja Valle,Left Wing,Spain,25,Deportivo de La Coruña,700 Th. ,700 Th. €
428,Carlos Martínez,Right-Back,Spain,31,Real Sociedad,600 Th. ,"1,00 Mill. €"
429,Nano,Centre-Forward,Spain,22,Levante UD,600 Th. ,700 Th. €
430,Francisco Molinero,Right-Back,Spain,32,Getafe CF,600 Th. ,"1,00 Mill. €"
431,Przemyslaw Tyton,Keeper,Poland,30,Deportivo de La Coruña,600 Th. ,"1,00 Mill. €"
432,Saúl García,Left-Back,Spain,23,Deportivo de La Coruña,600 Th. ,800 Th. €
433,Asier Riesgo,Keeper,Spain,34,SD Eibar,500 Th. ,"1,00 Mill. €"
434,Michael Olunga,Centre-Forward,Kenya,23,Girona FC,500 Th. ,500 Th. €
435,Martín Mantovani,Centre-Back,Argentina,33,CD Leganés,500 Th. ,800 Th. €
436,Mamadou Koné,Centre-Forward,Cote d'Ivoire,26,CD Leganés,500 Th. ,500 Th. €
437,Kike Sola,Centre-Forward,Spain,31,Athletic Bilbao,500 Th. ,500 Th. €
438,Aythami Artiles,Centre-Back,Spain,31,UD Las Palmas,700 Th. ,"1,00 Mill. €"
439,Cristian Rivera,Defensive Midfield,Spain,20,SD Eibar,700 Th. ,"1,00 Mill. €"
440,Ignasi Miquel,Centre-Back,Spain,25,Málaga CF,700 Th. ,700 Th. €
441,Iván López,Right-Back,Spain,24,Levante UD,600 Th. ,800 Th. €
442,Nicolás Gorosito,Centre-Back,Argentina,29,Getafe CF,600 Th. ,800 Th. €
443,Oscar Melendo,Attacking Midfield,Spain,20,RCD Espanyol Barcelona,600 Th. ,500 Th. €
444,Miguel Cifuentes,Right-Back,Spain,27,Málaga CF,600 Th. ,800 Th. €
445,Jorge Molina,Centre-Forward,Spain,35,Getafe CF,500 Th. ,500 Th. €
446,Marlos Moreno,Left Wing,Colombia,21,Girona FC,500 Th. ,"1,00 Mill. €"
447,Gerard Valentín,Right-Back,Spain,24,Deportivo de La Coruña,500 Th. ,"1,00 Mill. €"
448,Rubén Sobrino,Centre-Forward,Spain,25,Deportivo Alavés,500 Th. ,500 Th. €
449,Shaq Moore,Right-Back,United States,21,Levante UD,500 Th. ,200 Th. €
450,Joaquín,Right Wing,Spain,36,Real Betis Balompié,500 Th. ,500 Th. €
451,Héctor Hernández,Left-Back,Spain,26,Deportivo Alavés,400 Th. ,600 Th. €
452,Farid Boulaya,Attacking Midfield,Algeria,24,Girona FC,400 Th. ,800 Th. €
453,Enric Saborit,Left-Back,Spain,25,Athletic Bilbao,400 Th. ,500 Th. €
454,Toño,Keeper,Spain,31,Real Sociedad,400 Th. ,400 Th. €
455,Gorka Iraizoz,Keeper,Spain,36,Girona FC,300 Th. ,500 Th. €
456,Iván Villar,Keeper,Spain,20,Celta de Vigo,300 Th. ,300 Th. €
457,Fernando Navarro,Left-Back,Spain,35,Deportivo de La Coruña,300 Th. ,500 Th. €
458,Eloi Amagat,Attacking Midfield,Spain,32,Girona FC,200 Th. ,400 Th. €
459,Juan Narváez,Attacking Midfield,Colombia,22,Real Betis Balompié,200 Th. ,200 Th. €
460,Sergio Mora,Central Midfield,Spain,38,Getafe CF,100 Th. ,100 Th. €
461,David García,Centre-Back,Spain,35,UD Las Palmas,100 Th. ,100 Th. €
462,Guilherme Arana,Left-Back,Brazil,20,Sevilla FC,"10,00 Mill. ","8,00 Mill. €"
463,Iván Ramis,Centre-Back,Spain,33,SD Eibar,500 Th. ,"1,00 Mill. €"
464,Andrés Prieto,Keeper,Spain,24,Málaga CF,400 Th. ,300 Th. €
465,Álex Mula,Right Wing,Spain,21,Málaga CF,400 Th. ,-
466,Pedro López,Right-Back,Spain,34,Levante UD,400 Th. ,500 Th. €
467,Jairo Morillas,Centre-Forward,Spain,24,RCD Espanyol Barcelona,300 Th. ,300 Th. €
468,Nereo Champagne,Keeper,Argentina,32,CD Leganés,300 Th. ,400 Th. €
469,Borja Herrera,Left-Back,Spain,24,UD Las Palmas,300 Th. ,300 Th. €
470,Cenk Gönen,Keeper,Turkey,29,Málaga CF,200 Th. ,400 Th. €
471,Dani Giménez,Keeper,Spain,34,Real Betis Balompié,200 Th. ,300 Th. €
472,Daniele Bonera,Centre-Back,Italy,36,Villarreal CF,200 Th. ,200 Th. €
473,Momo,Left Wing,Spain,35,UD Las Palmas,100 Th. ,100 Th. €
474,Felipe Gutiérrez,Central Midfield,Chile,27,Real Betis Balompié,"2,50 Mill. ","2,50 Mill. €"
475,Rubén Castro,Centre-Forward,Spain,36,Real Betis Balompié,900 Th. ,"1,00 Mill. €"
476,Gabriel Peñalba,Central Midfield,Argentina,33,UD Las Palmas,"1,20 Mill. ","1,20 Mill. €"
477,Manuel Iturra,Defensive Midfield,Chile,33,Málaga CF,"1,50 Mill. ","1,50 Mill. €"
478,Diego Costa,Centre-Forward,Spain,29,Atlético Madrid,"50,00 Mill. ","50,00 Mill. €"
